time,open,high,low,close,MA,Smoothing Line,RSI,RSI-based MA,Upper Bollinger Band,Lower Bollinger Band
1598967000,132.76,134.8,130.53,134.18,118.50178571428569,116.05878571428578,81.8870060439627,75.70261657584332,NaN,NaN
1599053400,137.59,137.98,127,131.4,119.5367857142857,117.28111904761911,74.63175814641863,75.91505484741444,NaN,NaN
1599139800,126.91,128.84,120.5,120.88,120.05190476190472,118.32104761904768,54.833102240272986,74.73172626180666,NaN,NaN
1599226200,120.07,123.7,110.89,120.96,120.38797619047617,119.15564285714292,54.93101712627318,73.61260181086921,NaN,NaN
1599571800,113.95,118.99,112.68,112.82,120.46928571428569,119.78954761904768,44.38705391293314,71.66256549428309,NaN,NaN
1599658200,117.26,119.14,115.26,117.32,120.68797619047616,120.22678571428578,50.090557892834205,70.10775036461857,NaN,NaN
1599744600,120.36,120.5,112.5,113.49,120.88392857142853,120.49621428571436,45.7865350359609,68.03854840726449,NaN,NaN
1599831000,114.57,115.23,110,112,120.8358333333333,120.65300000000006,44.19553823854052,65.47998240414353,NaN,NaN
1600090200,114.72,115.93,112.8,115.355,120.85226190476186,120.7458571428572,48.532223208607256,63.157065026509066,NaN,NaN
1600176600,118.33,118.829,113.61,115.54,120.88238095238091,120.82847619047625,48.76864563792287,61.06733681991724,NaN,NaN
1600263000,115.23,116,112.04,112.13,120.76440476190473,120.84376190476196,44.69331225152541,58.589124499928275,NaN,NaN
1600349400,109.72,112.2,108.71,110.34,120.51571428571424,120.77011904761912,42.67725766075163,56.285539635204756,NaN,NaN
1600435800,110.4,110.88,106.09,106.84,120.09345238095231,120.62164285714292,38.97516406113548,53.760530857366305,NaN,NaN
1600695000,104.54,110.19,103.1,110.08,119.70321428571424,120.3918333333334,43.83249477315258,51.30154758787794,NaN,NaN
1600781400,112.68,112.86,109.16,111.81,119.105119047619,120.036380952381,46.290744294568185,48.75895746292118,NaN,NaN
1600867800,111.62,112.11,106.77,107.12,118.21285714285709,119.52607142857146,41.046013133959505,46.35997567631697,NaN,NaN
1600954200,105.17,110.25,105,108.22,117.4221428571428,118.90735714285718,42.68619804542823,45.49233966239949,NaN,NaN
1601040600,108.43,112.44,107.67,112.28,116.7439285714285,118.23745238095242,48.39315945060275,45.025349828423025,NaN,NaN
1601299800,115.01,115.32,112.78,114.96,116.26535714285708,117.54988095238097,51.804650929277344,45.55517818673332,NaN,NaN
1601386200,114.55,115.31,113.57,114.09,115.75499999999994,116.87985714285716,50.634471544453646,45.594029161849,NaN,NaN
1601472600,113.79,117.26,113.62,115.81,115.12499999999996,116.26228571428574,52.899646421117055,46.10210854650301,NaN,NaN
1601559000,117.64,117.72,115.83,116.79,114.2969047619047,115.63723809523813,54.189456314738706,46.815959837660024,NaN,NaN
1601645400,112.89,115.37,112.22,113.02,113.42166666666662,114.97278571428576,48.66809872785052,46.825665231891676,NaN,NaN
1601904600,113.91,116.65,113.55,116.5,113.21309523809519,114.36233333333337,53.38916938647058,47.15570264250224,NaN,NaN
1601991000,115.7,116.12,112.25,113.16,112.84166666666663,113.77966666666671,48.75449021565006,47.44578678279685,NaN,NaN
1602077400,114.62,115.55,114.13,115.08,112.94928571428566,113.34452380952386,51.368022598903714,48.066555706950574,NaN,NaN
1602163800,116.25,116.4,114.5901,114.97,112.83738095238093,113.0526190476191,51.20689251650058,48.94025059661952,NaN,NaN
1602250200,115.28,117,114.92,116.97,113.00309523809521,112.96890476190481,54.030323784208555,49.66866695455208,NaN,NaN
1602509400,120.06,125.18,119.2845,124.4,113.59357142857141,113.04500000000004,62.671983434246215,50.83875546452908,NaN,NaN
1602595800,125.27,125.39,119.65,121.1,113.86714285714281,113.25009523809528,57.50167973622814,52.01416022183399,NaN,NaN
1602682200,121,123.03,119.62,121.19,114.13619047619044,113.48747619047626,57.60440484355765,53.07974642170037,NaN,NaN
1602768600,118.72,121.2,118.15,120.71,114.54476190476187,113.82895238095243,56.81562458017386,53.6813510738126,NaN,NaN
1602855000,121.28,121.548,118.81,119.02,114.95809523809521,114.21995238095244,54.01138075810976,53.838974633014914,NaN,NaN
1603114200,119.96,120.419,115.66,115.98,115.3933333333333,114.57990476190483,49.297838286162936,53.74350082885129,NaN,NaN
1603200600,116.2,118.98,115.63,117.51,115.74714285714283,114.95590476190482,51.58775606199957,53.64979437462862,NaN,NaN
1603287000,116.67,118.705,116.45,116.87,115.98809523809521,115.32628571428577,50.55910978781154,53.39048390841953,NaN,NaN
1603373400,117.45,118.04,114.59,115.75,116.39904761904762,115.69714285714292,48.72797417856103,53.394760726327426,NaN,NaN
1603459800,116.39,116.55,114.28,115.04,116.72380952380952,116.05028571428579,47.55221903509123,52.9778357012289,NaN,NaN
1603719000,114.01,116.55,112.88,115.05,116.8557142857143,116.34276190476199,47.57140718341959,52.893329770355294,NaN,NaN
1603805400,115.49,117.28,114.5399,116.6,116.93380952380953,116.58009523809532,50.588903980098515,52.83767844044064,NaN,NaN
1603891800,115.05,115.43,111.1,111.2,116.79619047619049,116.7417142857144,41.60490156200388,52.15182194369088,NaN,NaN
1603978200,112.37,116.93,112.2,115.32,116.77285714285715,116.81647619047631,49.040678695986394,51.79541872310357,NaN,NaN
1604064600,111.06,111.99,107.72,108.86,116.39523809523808,116.750761904762,40.36218053713966,50.20186137331025,NaN,NaN
1604327400,109.11,110.68,107.32,108.77,116.19285714285715,116.61819047619058,40.25529822824408,48.96997697988282,NaN,NaN
1604413800,109.66,111.49,108.73,110.44,115.9042857142857,116.41228571428583,43.25788371353328,47.94522547059536,NaN,NaN
1604500200,114.14,115.59,112.35,114.95,115.98952380952382,116.25095238095248,50.49389878528189,47.49367362810308,NaN,NaN
1604586600,117.95,119.62,116.8686,119.03,116.17761904761905,116.13190476190486,55.96483740336397,47.63320624562124,NaN,NaN
1604673000,118.32,119.2,116.13,118.69,116.3547619047619,116.12380952380963,55.4152511516973,48.07016430744512,NaN,NaN
1604932200,120.5,121.99,116.05,116.32,116.32380952380952,116.15000000000009,51.61060986030018,48.07179672160945,NaN,NaN
1605018600,115.55,117.59,114.13,115.97,115.92238095238095,116.15361904761915,51.05315287650256,48.10708551365881,NaN,NaN
1605105000,117.19,119.63,116.44,119.49,115.84571428571428,116.12485714285724,56.17951046532531,48.63933810557053,NaN,NaN
1605191400,119.62,120.53,118.57,119.21,115.75142857142856,116.03961904761914,55.67995569885211,49.219890724410604,NaN,NaN
1605277800,119.44,119.6717,117.87,119.26,115.68238095238095,115.90514285714296,55.75561459134179,49.804476967833615,NaN,NaN
1605537000,118.92,120.99,118.146,120.3,115.74333333333334,115.78904761904774,57.385167977721196,50.28992439623523,NaN,NaN
1605623400,119.55,120.6741,118.96,119.39,115.90571428571428,115.78571428571438,55.460366694764346,51.279600477146694,NaN,NaN
1605709800,118.61,119.82,118,118.03,115.93047619047618,115.80266666666675,52.619721534702094,51.53524639419782,NaN,NaN
1605796200,117.59,119.06,116.81,118.64,116.0147619047619,115.85533333333345,53.76363595528722,52.49249320977979,NaN,NaN
1605882600,118.64,118.77,117.29,117.34,116.0904761904762,115.93695238095249,50.94095859542588,53.25575466457849,NaN,NaN
1606141800,117.18,117.6202,113.75,113.85,116.03380952380952,115.99504761904772,44.227695374319985,53.325026926063245,NaN,NaN
1606228200,113.91,115.85,112.59,115.17,116.0395238095238,116.02180952380964,47.06895064404146,53.0803877731175,NaN,NaN
1606314600,115.55,116.75,115.17,116.03,116.01238095238097,116.03819047619058,48.89561613185859,52.57544339658141,NaN,NaN
1606487400,116.57,117.49,116.22,116.59,116.26904761904763,116.08904761904773,50.103140736332996,52.19600693834111,NaN,NaN
1606746600,116.97,120.97,116.81,119.05,116.44666666666667,116.16028571428583,55.11990155990925,52.44667063117032,NaN,NaN
1606833000,121.01,123.4693,120.01,122.72,117.10666666666668,116.37485714285727,61.36137949423851,53.18297253243718,NaN,NaN
1606919400,122.02,123.37,120.89,123.08,117.78809523809525,116.72457142857154,61.92080532259036,53.59306502224182,NaN,NaN
1607005800,123.52,123.78,122.21,122.94,118.38333333333334,117.19876190476202,61.54760477220362,54.0121828131955,NaN,NaN
1607092200,122.6,122.8608,121.52,122.25,118.73095238095237,117.69114285714298,59.63974182868455,54.28962047300569,NaN,NaN
1607351400,122.31,124.57,122.25,123.75,118.95571428571427,118.19295238095249,62.37054733304417,54.64571899838591,NaN,NaN
1607437800,124.37,124.98,123.09,124.38,119.22666666666663,118.61695238095247,63.487943313397686,55.219117328288284,NaN,NaN
1607524200,124.53,125.95,121,121.78,119.48666666666664,118.95666666666675,56.08591872366661,55.466702841785754,NaN,NaN
1607610600,120.5,123.87,120.15,123.24,119.8328571428571,119.2465714285715,58.97818533758208,55.839170654806814,NaN,NaN
1607697000,122.43,122.76,120.55,122.41,119.97190476190474,119.49476190476196,56.69222877326647,56.24997566750971,NaN,NaN
1607956200,122.6,123.35,121.54,121.78,120.09428571428568,119.72247619047626,54.95121965855867,57.01594168781247,NaN,NaN
1608042600,124.34,127.9,124.13,127.88,120.50476190476186,119.97809523809528,65.87788086847894,58.35943670384372,NaN,NaN
1608129000,127.41,128.37,126.56,127.81,120.86238095238089,120.25323809523813,65.68100290685257,59.55839290205758,NaN,NaN
1608215400,128.9,129.58,128.045,128.7,121.30571428571423,120.54780952380956,67.03012553716752,60.76746324497434,NaN,NaN
1608301800,128.96,129.1,126.12,126.655,121.71642857142851,120.89671428571432,61.08776417139743,61.19373914579493,NaN,NaN
1608561000,125.02,128.31,123.449,128.23,122.17309523809519,121.31247619047622,63.75298502185609,61.36456811205331,NaN,NaN
1608647400,131.61,134.405,129.65,131.88,122.86547619047612,121.78461904761907,69.04451872984718,61.87340478400023,NaN,NaN
1608733800,132.16,132.43,130.78,130.96,123.68023809523802,122.34819047619051,66.41279250782736,62.220918193687645,NaN,NaN
1608820200,131.32,133.46,131.1,131.97,124.48023809523804,122.98309523809526,67.86109987811038,62.80815805436091,NaN,NaN
1609165800,133.99,137.34,133.51,136.69,125.46404761904758,123.73261904761907,73.59205229998027,63.60969412342778,NaN,NaN
1609252200,138.05,138.789,134.3409,134.87,126.33452380952374,124.56490476190478,68.51843940455805,63.96901527279637,NaN,NaN
1609338600,135.58,135.99,133.4,133.72,127.03309523809519,125.39842857142862,65.4480445807468,64.63773854830211,NaN,NaN
1609425000,134.08,134.74,131.72,132.69,127.50785714285708,126.16395238095242,62.7364140120282,64.90618345361969,NaN,NaN
1609770600,133.52,133.6116,126.76,129.41,127.80928571428566,126.82976190476195,54.93136650281197,64.78040757715864,NaN,NaN
1609857000,128.89,131.74,128.43,131.01,128.19357142857137,127.37566666666672,57.69618255125504,64.97647635520839,NaN,NaN
1609943400,127.72,131.0499,126.382,126.6,128.40071428571423,127.78890476190482,48.8084641908567,63.757232306806806,NaN,NaN
1610029800,128.36,131.63,127.86,130.92,128.74214285714282,128.13071428571433,55.96454921628535,63.06319990033772,NaN,NaN
1610116200,132.43,132.63,130.23,132.05,129.1073809523809,128.4506190476191,57.63289290780744,62.391968998240564,NaN,NaN
1610375400,129.19,130.17,128.5,128.98,129.45023809523803,128.77880952380957,51.88189126671092,61.73440664790582,NaN,NaN
1610461800,128.5,129.69,126.86,128.8,129.71499999999995,129.0830952380953,51.55704349664575,60.86326796753365,NaN,NaN
1610548200,128.76,131.45,128.49,130.89,130.1188095238095,129.42671428571435,55.07440039365013,59.865402372091005,NaN,NaN
1610634600,130.8,131,128.76,128.91,130.4583333333333,129.76995238095245,51.275977355721736,58.78420128979775,NaN,NaN
1610721000,128.78,130.2242,127,127.14,130.4230952380952,130.03309523809529,48.08339963119518,57.37150841501809,NaN,NaN
1611066600,127.78,128.71,126.938,127.83,130.42404761904757,130.2278571428572,49.40587659413492,55.64392443602913,NaN,NaN
1611153000,128.66,132.49,128.55,132.03,130.58261904761906,130.40138095238098,56.64528514963734,54.795841989249084,NaN,NaN
1611239400,133.8,139.67,133.59,136.87,131.0690476190476,130.59142857142862,63.183079114181155,54.634058741637254,NaN,NaN
1611325800,136.28,139.85,135.02,139.07,131.58523809523808,130.81680952380958,65.71397367533247,54.846741574730416,NaN,NaN
1611585000,143.07,145.09,136.54,142.92,132.1109523809524,131.15438095238102,69.64639144087826,55.89781478459229,NaN,NaN
1611671400,143.6,144.3,141.37,143.16,132.69190476190474,131.60795238095244,69.87832140508507,56.76796755986587,NaN,NaN
1611757800,143.43,144.3,140.41,142.06,133.17238095238093,132.1259047619048,67.33865262083876,58.09155244772173,NaN,NaN
1611844200,139.52,141.99,136.7,137.09,133.19142857142856,132.55038095238098,57.219838232316654,58.181215948866836,NaN,NaN
1611930600,135.83,136.74,130.21,131.96,133.05285714285714,132.84390476190478,49.03004141899789,57.566726556809,NaN,NaN
1612189800,133.75,135.38,130.93,134.14,133.07285714285715,133.03628571428575,52.163403517861475,57.58683457474832,NaN,NaN
1612276200,135.73,136.31,134.61,134.99,133.18238095238095,133.134380952381,53.36715094095805,57.71612796362778,NaN,NaN
1612362600,135.76,135.77,133.61,133.94,133.3980952380952,133.17952380952386,51.63851361070809,57.47070747913192,NaN,NaN
1612449000,136.3,137.4,134.59,137.39,133.70190476190476,133.2816190476191,56.61151761113893,57.85181749737601,NaN,NaN
1612535400,137.35,137.42,135.86,136.76,134.18571428571428,133.50819047619052,55.48940770831085,58.38081807431284,NaN,NaN
1612794600,136.03,136.96,134.92,136.91,134.47095238095238,133.78780952380959,55.71448294233767,58.83143281347019,NaN,NaN
1612881000,136.62,137.877,135.85,136.01,134.65952380952382,134.08323809523813,53.951674195508886,58.63903203103244,NaN,NaN
1612967400,136.48,136.99,134.4,135.39,134.9647619047619,134.3965714285715,52.71430460798724,57.89126242344715,NaN,NaN
1613053800,135.9,136.39,133.77,135.13,135.26619047619047,134.70942857142865,52.173906020710014,56.92411473383127,NaN,NaN
1613140200,134.35,135.53,133.6921,135.37,135.47952380952378,134.96819047619053,52.656375454072894,55.71054216334516,NaN,NaN
1613485800,135.49,136.01,132.79,133.19,135.68333333333334,135.2106666666667,47.92688820999578,54.14258264941021,NaN,NaN
1613572200,131.25,132.22,129.47,130.84,135.8595238095238,135.4506666666667,43.40142406361269,52.43278060960835,NaN,NaN
1613658600,129.2,129.995,127.41,129.71,135.9490476190476,135.64752380952388,41.37816991473821,51.301232872638465,NaN,NaN
1613745000,130.24,130.71,128.8,129.87,135.8461904761905,135.76352380952386,41.791936895931734,50.78422540670517,NaN,NaN
1614004200,128.01,129.72,125.6,126,135.32857142857142,135.7333333333334,35.30160917188749,49.57981152484989,NaN,NaN
1614090600,123.76,126.71,118.39,125.86,134.6995238095238,135.53657142857148,35.089308829268404,48.27425137401491,NaN,NaN
1614177000,124.94,125.56,122.23,125.35,133.86285714285717,135.13723809523816,34.28052859991581,47.03439530181546,NaN,NaN
1614263400,124.68,126.4585,120.54,120.99,132.80714285714288,134.50885714285724,28.279468776349702,45.01067752790194,NaN,NaN
1614349800,122.59,124.85,121.2,121.26,131.81666666666666,133.70295238095247,29.10711559715935,43.12622809139112,NaN,NaN
1614609000,123.75,127.93,122.79,127.79,131.3738095238095,132.9120000000001,45.4906227298045,42.395952361924465,NaN,NaN
1614695400,128.41,128.72,125.01,125.12,131.04809523809524,132.18171428571435,41.288962223831824,41.4914729353761,NaN,NaN
1614781800,124.81,125.71,121.84,122.06,130.47285714285715,131.50371428571435,37.063795803865276,40.37357944936739,NaN,NaN
1614868200,121.75,123.6,118.62,120.13,129.76523809523812,130.8953333333334,34.65501900455877,39.12223037678515,NaN,NaN
1614954600,120.98,121.935,117.57,121.42,129.16904761904766,130.3658095238096,37.57527155202773,38.045008669496205,NaN,NaN
1615213800,120.93,121,116.21,116.36,128.1676190476191,129.72457142857152,31.608290329501457,36.87939453517519,NaN,NaN
1615300200,119.03,122.06,118.79,121.085,127.4211904761905,128.99919047619056,41.02607124828919,36.70972647693778,NaN,NaN
1615386600,121.69,122.17,119.45,119.98,126.61500000000004,128.22761904761916,39.65094119945547,36.58635299727473,NaN,NaN
1615473000,122.54,123.21,121.26,121.96,125.94595238095243,127.46376190476204,43.317196944907025,36.695300143630114,NaN,NaN
1615559400,120.4,121.17,119.16,121.03,125.2621428571429,126.68238095238107,42.0257684626828,37.17559723582978,NaN,NaN
1615815000,121.41,124,120.42,123.99,124.7316666666667,125.9951904761906,47.40081777290024,38.05499073180347,NaN,NaN
1615901400,125.7,127.22,124.715,125.57,124.26500000000003,125.3639523809525,50.062314411792585,39.18226114693753,NaN,NaN
1615987800,124.05,125.8599,122.336,124.76,123.86357142857146,124.81366666666676,48.701795698286055,40.640998784218695,NaN,NaN
1616074200,122.88,123.18,120.32,120.53,123.37261904761908,124.29900000000012,42.24510448904552,41.57942656221057,NaN,NaN
1616160600,119.9,121.43,119.675,119.99,122.90976190476192,123.8285238095239,41.48890720364184,41.293589738913234,NaN,NaN
1616419800,120.33,123.87,120.26,123.39,122.60119047619052,123.40242857142866,47.82200185654861,41.76023542696443,NaN,NaN
1616506200,123.33,124.24,122.14,122.54,122.4364285714286,123.0367142857144,46.46788735378858,42.43195625195896,NaN,NaN
1616592600,122.82,122.9,120.065,120.09,122.1616666666667,122.69633333333346,42.713614737793,43.00757023290425,NaN,NaN
1616679000,119.54,121.66,119,120.59,121.93500000000006,122.40880952380965,43.713082853158454,43.445985325842166,NaN,NaN
1616765400,120.35,121.48,118.92,121.21,121.94547619047623,122.21595238095252,44.99461383824915,44.40215129075271,NaN,NaN
1617024600,121.65,122.58,120.7299,121.39,121.9516666666667,122.08604761904773,45.383400897439365,44.71338912283487,NaN,NaN
1617111000,120.11,120.4031,118.86,119.9,121.57595238095242,121.9139523809525,42.693322227501675,44.9307020534096,NaN,NaN
1617197400,121.65,123.52,121.15,122.15,121.43452380952385,121.76852380952391,47.73166322198411,45.246021073200815,NaN,NaN
1617283800,123.66,124.18,122.49,123,121.47928571428577,121.67738095238106,49.53667194500097,45.782514179080685,NaN,NaN
1617629400,123.87,126.1601,123.07,125.9,121.75404761904767,121.63909523809534,55.21867333331874,46.34093243339629,NaN,NaN
1617715800,126.5,127.13,125.65,126.21,121.9821428571429,121.6451904761906,55.791703657206,46.75017452235439,NaN,NaN
1617802200,125.83,127.92,125.14,127.9,122.53166666666671,121.83633333333344,58.88082346414205,47.47724793420125,NaN,NaN
1617888600,128.95,130.39,128.52,130.36,122.97333333333339,122.14409523809536,62.940265653783385,48.955473731682524,NaN,NaN
1617975000,129.8,133.04,129.47,132.995,123.5930952380953,122.56685714285724,66.72918677682522,50.7583508440528,NaN,NaN
1618234200,132.52,132.85,130.63,131.24,124.03500000000007,123.02304761904774,62.17011805030251,51.78321628646379,NaN,NaN
1618320600,132.44,134.66,131.93,134.43,124.67309523809531,123.56123809523822,66.63264031038432,53.2235557833635,NaN,NaN
1618407000,134.94,135,131.655,132.03,125.05595238095245,124.06609523809536,60.81971146458017,54.51684840670544,NaN,NaN
1618493400,133.82,135,133.64,134.5,125.48119047619056,124.56766666666678,64.27403018571603,55.98548750188813,NaN,NaN
1618579800,134.3,134.67,133.28,134.16,125.92880952380962,125.03480952380967,63.44483325884071,57.30336031764467,NaN,NaN
1618839000,133.51,135.47,133.34,134.84,126.61023809523819,125.54985714285729,64.43311918350769,58.664054480935256,NaN,NaN
1618925400,135.02,135.53,131.81,133.11,127.2350000000001,126.06223809523824,59.98955597643747,59.89949974871639,NaN,NaN
1619011800,132.36,133.75,131.3001,133.5,127.71642857142866,126.59433333333348,60.6484077256744,60.82212435612284,NaN,NaN
1619098200,133.04,134.15,131.41,131.94,128.16404761904772,127.13090476190492,56.63128220855243,61.328882232090805,NaN,NaN
1619184600,132.16,135.12,132.16,134.32,128.84166666666675,127.71347619047633,60.88771896851642,61.73381406317635,NaN,NaN
1619443800,134.83,135.06,133.56,134.72,129.51452380952392,128.2943333333335,61.57037737145312,62.14657647133686,NaN,NaN
1619530200,135.01,135.41,134.11,134.39,130.14214285714294,128.87576190476207,60.630182659609666,62.27153069958454,NaN,NaN
1619616600,134.31,135.02,133.08,133.58,130.72261904761913,129.47700000000015,58.2778159814912,61.9384985801351,NaN,NaN
1619703000,136.47,137.07,132.45,133.48,131.3692857142858,130.1180476190478,57.97873791513712,61.31346651858594,NaN,NaN
1619789400,131.78,133.56,131.065,131.46,131.8126190476191,130.71223809523823,52.15606774430382,60.59817721101461,NaN,NaN
1620048600,132.04,134.07,131.83,132.54,132.26690476190484,131.2627142857144,54.771381650168124,59.7509444495706,NaN,NaN
1620135000,131.19,131.4899,126.7,127.85,132.35976190476197,131.70623809523823,43.62025134939311,58.52241158420009,NaN,NaN
1620221400,129.2,130.45,127.97,128.1,132.44976190476197,132.0516666666668,44.27157049974078,57.09366446377329,NaN,NaN
1620307800,127.89,129.75,127.13,129.74,132.537380952381,132.28528571428583,48.47655257553019,56.02450155782254,NaN,NaN
1620394200,130.85,131.2582,129.475,130.21,132.53023809523816,132.42880952380963,49.64910754236544,54.96850072631238,NaN,NaN
1620653400,129.41,129.54,126.81,126.85,132.23761904761912,132.4229523809525,42.24707419959778,53.70118059939525,NaN,NaN
1620739800,123.5,126.27,122.77,125.91,131.98380952380958,132.347761904762,40.431025032474366,52.25708183559525,NaN,NaN
1620826200,123.4,124.64,122.25,122.77,131.42857142857147,132.14352380952388,35.01617809199777,50.71314582726991,NaN,NaN
1620912600,124.58,126.15,124.26,124.97,131.092380952381,131.8545238095239,40.98029544645486,49.29118700426552,NaN,NaN
1620999000,126.25,127.89,125.85,127.45,130.75666666666672,131.4998095238096,46.89692384055935,48.24308318063025,NaN,NaN
1621258200,126.82,126.93,125.17,126.27,130.38095238095244,131.1284761904763,44.60562416849512,47.09847185983635,NaN,NaN
1621344600,126.56,126.99,124.78,124.85,129.90523809523816,130.712761904762,41.94945989774584,45.932160710997394,NaN,NaN
1621431000,123.16,124.915,122.86,124.69,129.5042857142858,130.32790476190488,41.64851901249316,44.76571650366568,NaN,NaN
1621517400,125.23,127.72,125.1,127.31,129.2095238095239,129.95133333333345,48.20148778605478,44.483246506647895,NaN,NaN
1621603800,127.82,128,125.21,125.43,128.89952380952388,129.57990476190488,44.3525079245016,43.73904124052886,NaN,NaN
1621863000,126.01,127.94,125.94,127.1,128.55571428571434,129.21485714285728,48.30167048437059,44.07342832159868,NaN,NaN
1621949400,127.82,128.32,126.32,126.9,128.18333333333342,128.8704761904763,47.86358101813476,44.33000050148397,NaN,NaN
1622035800,126.955,127.39,126.42,126.85,127.82428571428579,128.5344761904763,47.746988324645706,44.27788876927793,NaN,NaN
1622122200,126.44,127.64,125.08,125.28,127.4290476190477,128.17838095238108,44.11328181426765,43.88247264584237,NaN,NaN
1622208600,125.57,125.8,124.55,124.61,127.00666666666675,127.79980952380966,42.62253803980179,43.90929149157123,NaN,NaN
1622554200,125.08,125.35,123.94,124.28,126.66476190476197,127.42161904761915,41.87198564853446,44.01221724986124,NaN,NaN
1622640600,124.28,125.24,124.05,125.06,126.3085714285715,127.04666666666677,44.36571635227016,44.68004141130927,NaN,NaN
1622727000,124.68,124.85,123.13,123.54,126.1033333333334,126.70247619047629,40.701290697801525,44.66011250069117,NaN,NaN
1622813400,124.07,126.16,123.85,125.89,125.9980952380953,126.41628571428582,47.870205038311575,44.729632586244904,NaN,NaN
1623072600,126.17,126.32,124.8321,125.9,125.81523809523816,126.17800000000011,47.899069964245555,44.96487871451279,NaN,NaN
1623159000,126.6,128.46,126.2101,126.74,125.65000000000006,125.97504761904773,50.38430506455702,45.5673676549993,NaN,NaN
1623245400,127.21,127.75,126.52,127.13,125.66333333333341,125.84600000000012,51.54008371221186,46.273907990693495,NaN,NaN
1623331800,127.02,128.19,125.94,126.11,125.67285714285724,125.75990476190489,48.36670202258123,46.28570900758824,NaN,NaN
1623418200,126.53,127.44,126.1,127.35,125.89095238095244,125.7384761904763,52.21833312351524,46.84755366466063,NaN,NaN
1623677400,127.82,130.54,127.07,130.48,126.15333333333339,125.80609523809535,60.27393051890773,47.70271509569901,NaN,NaN
1623763800,129.94,130.6,129.39,129.64,126.2576190476191,125.92761904761917,57.473506566330286,48.38913834914154,NaN,NaN
1623850200,130.37,130.89,128.461,130.15,126.44238095238101,126.08342857142868,58.72731886656083,49.17344767356405,NaN,NaN
1623936600,129.8,132.55,129.65,131.79,126.7728571428572,126.30342857142868,62.55091903112464,50.49042176048241,NaN,NaN
1624023000,130.71,131.51,130.24,130.46,127.0476190476191,126.53476190476201,57.86875719089924,51.57943741413222,NaN,NaN
1624282200,130.3,132.41,129.21,132.3,127.28523809523813,126.76114285714297,62.0959250490565,53.024004514169505,NaN,NaN
1624368600,132.13,134.08,131.62,133.98,127.692380952381,127.04809523809536,65.49958157630975,54.533566315886624,NaN,NaN
1624455000,133.77,134.32,133.23,133.7,128.00666666666672,127.3609523809525,64.4606476621103,56.23066324190868,NaN,NaN
1624541400,134.45,134.64,132.93,133.41,128.3166666666667,127.66971428571439,63.34004305960987,57.33565167200141,NaN,NaN
1624627800,133.46,133.89,132.81,133.11,128.61476190476193,127.98314285714295,62.136633662748935,58.35262050760879,NaN,NaN
1624887000,133.41,135.245,133.35,134.78,129.0671428571429,128.3395238095239,66.00821922042874,59.46861437588536,NaN,NaN
1624973400,134.8,136.49,134.35,136.33,129.62523809523813,128.72609523809535,69.16018380509823,60.727192953948666,NaN,NaN
1625059800,136.17,137.41,135.87,136.96,130.22904761904763,129.17057142857155,70.36309560668751,62.29836392424198,NaN,NaN
1625146200,136.6,137.33,135.76,137.27,130.8104761904762,129.66933333333344,70.96326739580078,63.6372878008338,NaN,NaN
1625232600,137.9,140,137.745,139.96,131.59238095238098,130.26485714285724,75.58383616658121,64.73085248995334,NaN,NaN
1625578200,140.07,143.15,140.07,142.02,132.36047619047622,130.9235238095239,78.41635096478386,66.22676994698574,NaN,NaN
1625664600,143.535,144.89,142.66,144.57,133.24952380952382,131.64838095238105,81.30720776607205,67.83961915409368,NaN,NaN
1625751000,141.58,144.06,140.665,143.24,134.03523809523813,132.40961904761912,75.61835031622533,68.77300710302946,NaN,NaN
1625837400,142.75,145.65,142.6522,145.11,134.89142857142858,133.2258095238096,77.95396475256435,70.20766478600554,NaN,NaN
1626096600,146.21,146.32,144,144.5,135.7671428571429,134.060761904762,75.41606284740186,71.15910320017306,NaN,NaN
1626183000,144.03,147.46,143.63,145.64,136.63809523809527,134.9162857142858,76.92782954671591,71.97540662663064,NaN,NaN
1626269400,148.1,149.57,147.68,149.15,137.52714285714288,135.77180952380962,80.83549886433023,73.14503885536064,NaN,NaN
1626355800,149.24,150,147.09,148.48,138.42428571428573,136.64961904761913,78.11580128381215,74.20045015708936,NaN,NaN
1626442200,148.46,149.76,145.88,146.39,139.19761904761904,137.51085714285722,70.18332801984441,74.77521403973904,NaN,NaN
1626701400,143.75,144.07,141.67,142.45,139.7052380952381,138.29847619047626,58.18741271151778,74.21658500338826,NaN,NaN
1626787800,143.46,147.0997,142.96,146.15,140.45238095238096,139.0613333333334,64.3498314555836,73.87298840699437,NaN,NaN
1626874200,145.53,146.13,144.63,145.4,141.07619047619048,139.77114285714293,62.34405095493126,73.30019950329748,NaN,NaN
1626960600,145.935,148.195,145.81,146.8,141.68666666666667,140.4236190476191,64.56442879669638,72.84313960336145,NaN,NaN
1627047000,147.55,148.7177,146.92,148.56,142.39428571428573,141.06295238095245,67.18410075959362,72.24315850286234,NaN,NaN
1627306200,148.27,149.83,147.7,148.99,143.13619047619048,141.7491428571429,67.81023259243197,71.48557861912292,NaN,NaN
1627392600,149.12,149.21,145.55,146.77,143.78666666666666,142.41600000000008,61.30657415104224,70.05696193233507,NaN,NaN
1627479000,144.81,146.97,142.54,144.98,144.27238095238096,143.05523809523817,56.59340471087828,68.69803724623885,NaN,NaN
1627565400,144.685,146.55,144.58,145.64,144.71571428571428,143.66104761904768,57.87921831155526,67.26412678616677,NaN,NaN
1627651800,144.38,146.33,144.11,145.86,145.1395238095238,144.2100952380953,58.322406680578496,66.04315134567939,NaN,NaN
1627911000,146.36,146.95,145.25,145.52,145.53238095238092,144.6893333333334,57.318649191619535,64.64249560602964,NaN,NaN
1627997400,145.81,148.045,145.18,147.36,145.8847619047619,145.10895238095242,61.20948168090051,63.24063723578466,NaN,NaN
1628083800,147.27,147.79,146.28,146.95,146.1195238095238,145.478380952381,59.89916620035827,61.93944901553796,NaN,NaN
1628170200,146.98,147.84,146.17,147.06,146.2380952380952,145.78285714285718,60.14567145337739,61.2224735465046,NaN,NaN
1628256600,146.35,147.11,145.63,146.14,146.37619047619046,146.0301904761905,56.990278987320515,61.136963994776224,NaN,NaN
1628515800,146.2,146.7,145.52,146.09,146.42285714285714,146.20828571428575,56.815823284338485,60.598820553973,NaN,NaN
1628602200,146.44,147.71,145.3,145.6,146.4752380952381,146.326380952381,55.03772556229077,60.0769401687844,NaN,NaN
1628688600,146.05,146.72,145.53,145.86,146.48571428571427,146.39961904761907,55.827673637047006,59.45288622880945,NaN,NaN
1628775000,146.19,149.05,145.84,148.89,146.4733333333333,146.44666666666672,63.807942298339654,59.21173205300558,NaN,NaN
1628861400,148.97,149.4444,148.27,149.1,146.50285714285712,146.47200000000004,64.28947394834216,58.960249292713456,NaN,NaN
1629120600,148.535,151.19,146.47,151.12,146.72809523809522,146.53304761904764,68.61510084989442,59.48228691406003,NaN,NaN
1629207000,150.23,151.68,149.09,150.19,147.09666666666666,146.65733333333338,64.72770065717322,60.06330805308111,NaN,NaN
1629293400,149.8,150.72,146.15,146.36,147.10666666666665,146.78152380952383,51.72961724415516,59.624050833981094,NaN,NaN
1629379800,145.03,148,144.5,146.7,147.1685714285714,146.92057142857144,52.63885232614125,59.218082665807,NaN,NaN
1629466200,147.44,148.5,146.78,148.19,147.23476190476188,147.0669523809524,56.50539548917539,59.15999311563242,NaN,NaN
1629725400,148.31,150.19,147.89,149.71,147.28952380952379,147.1792380952381,60.085330822794596,59.07969662576771,NaN,NaN
1629811800,149.45,150.86,149.15,149.62,147.3195238095238,147.22380952380954,59.77162795782833,59.070586751301285,NaN,NaN
1629898200,149.81,150.32,147.8,148.36,147.39523809523808,147.28152380952383,55.40997877684203,58.73232298869162,NaN,NaN
1629984600,148.35,149.12,147.51,147.54,147.51714285714283,147.3512380952381,52.71404051001599,58.42687738316987,NaN,NaN
1630071000,147.48,148.75,146.83,148.6,147.65809523809523,147.4359047619048,55.71367474139088,58.34815248724504,NaN,NaN
1630330200,149,153.49,148.61,153.12,148.0038095238095,147.57876190476196,65.7043062441368,59.11005110737693,NaN,NaN
1630416600,152.66,152.8,151.29,151.83,148.3042857142857,147.77571428571432,61.444019118544425,59.51121864176961,NaN,NaN
1630503000,152.83,154.98,152.34,152.51,148.54952380952378,148.00657142857145,62.812825749017634,59.44013888824661,NaN,NaN
1630589400,153.87,154.72,152.4,153.65,148.86857142857139,148.27685714285718,65.05280157714736,59.49466229030411,NaN,NaN
1630675800,153.76,154.63,153.09,154.3,149.21333333333328,148.58790476190478,66.29927378952783,59.32924607170651,NaN,NaN
1631021400,154.97,157.26,154.39,156.69,149.71571428571423,148.93028571428573,70.46992619085785,59.73940503839826,NaN,NaN
1631107800,156.98,157.04,153.975,155.11,150.14523809523803,149.29847619047618,64.76380535498294,60.670418474885956,NaN,NaN
1631194200,155.49,156.11,153.95,154.07,150.54857142857136,149.6982857142857,61.2482666337331,61.28537663971395,NaN,NaN
1631280600,155,155.48,148.7,148.97,150.6966666666666,150.06390476190475,47.60218573479205,60.649433085829436,NaN,NaN
1631539800,150.63,151.42,148.75,149.55,150.72809523809516,150.36685714285713,48.99398946559679,59.85719441745816,NaN,NaN
1631626200,150.35,151.07,146.91,148.12,150.6814285714285,150.55999999999997,45.766219392320494,58.85680809135045,NaN,NaN
1631712600,148.56,149.44,146.37,149.03,150.5819047619047,150.64733333333328,48.10905287435525,58.335313384029966,NaN,NaN
1631799000,148.44,148.97,147.221,148.79,150.51523809523803,150.64066666666662,47.525934482085034,57.9647343820349,NaN,NaN
1631885400,148.82,148.82,145.76,146.06,150.50095238095233,150.60152380952377,41.381619089215015,56.9410161211652,NaN,NaN
1632144600,143.8,144.84,141.27,142.94,150.32190476190468,150.52028571428568,35.70095285462433,54.79791945048573,NaN,NaN
1632231000,143.93,144.6,142.78,143.43,150.09523809523802,150.40304761904758,37.15995014305217,53.06334309509343,NaN,NaN
1632317400,144.45,146.43,143.7001,145.85,149.91142857142847,150.26895238095236,43.927115860376915,51.71436381733338,NaN,NaN
1632403800,146.65,147.08,145.64,146.83,149.77857142857133,150.121619047619,46.44239855608277,50.385049315828766,NaN,NaN
1632490200,145.66,147.4701,145.56,146.92,149.7099999999999,149.9634285714285,46.678954400553295,48.98359793090201,NaN,NaN
1632749400,145.47,145.96,143.82,145.37,149.60666666666657,149.82038095238087,43.14457903626544,47.0317874198597,NaN,NaN
1632835800,143.25,144.75,141.69,141.91,149.28809523809517,149.6589523809523,36.50069854318763,45.012994076160034,NaN,NaN
1632922200,142.47,144.45,142.03,142.83,148.79809523809513,149.43628571428562,39.18246409718386,43.43686532354936,NaN,NaN
1633008600,143.66,144.378,141.28,141.5,148.30619047619038,149.1418095238094,36.76513112051257,42.66278999395797,NaN,NaN
1633095000,141.9,142.92,139.1101,142.65,147.83666666666656,148.76714285714274,40.20049843423876,42.03468349171811,NaN,NaN
1633354200,141.76,142.21,138.27,139.14,147.1457142857142,148.2749523809523,34.10953115763297,41.20206290352615,NaN,NaN
1633440600,139.49,142.24,139.36,141.11,146.51761904761898,147.72085714285706,39.637502955052945,40.596952195004555,NaN,NaN
1633527000,139.47,142.15,138.37,142,145.81809523809517,147.12485714285708,42.00475275764599,40.20258207183033,NaN,NaN
1633613400,143.06,144.215,142.72,143.29,145.255238095238,146.51466666666659,45.350168571981754,40.48604989202795,NaN,NaN
1633699800,144.03,144.1781,142.56,142.9,144.72333333333324,145.89199999999994,44.514151056190634,41.11556404928269,NaN,NaN
1633959000,142.27,144.81,141.81,142.81,144.4299999999999,145.34885714285707,44.31114358787066,41.626363581055436,NaN,NaN
1634045400,143.23,143.25,141.0401,141.51,144.04714285714277,144.85476190476183,41.37588263349857,41.44413263627841,NaN,NaN
1634131800,141.235,141.4,139.2,140.91,143.70380952380944,144.43190476190472,40.05700408309823,40.98803303106523,NaN,NaN
1634218200,142.11,143.88,141.51,143.76,143.45285714285706,144.0714285714285,48.46076677091229,41.11530534323373,NaN,NaN
1634304600,143.77,144.895,143.51,144.84,143.26476190476183,143.77971428571422,51.24993137557056,41.694259081755526,NaN,NaN
1634563800,143.445,146.84,143.16,146.55,143.28809523809517,143.55133333333328,55.368399347391275,43.041951996341496,NaN,NaN
1634650200,147.01,149.17,146.55,148.76,143.56523809523802,143.4549523809523,60.06414238732942,44.533500445637614,NaN,NaN
1634736600,148.7,149.7539,148.12,149.26,143.84285714285704,143.48276190476184,61.062289795760705,46.2690117795839,NaN,NaN
1634823000,148.81,149.64,147.87,149.48,144.01571428571418,143.59533333333326,61.51803931551624,47.791693271103725,NaN,NaN
1634909400,149.69,150.18,148.64,148.69,144.1042857142856,143.76323809523802,58.85411584186996,49.559163605692085,NaN,NaN
1635168600,148.68,149.37,147.6211,148.64,144.18619047619038,143.94285714285706,58.6809174914563,50.919407501149465,NaN,NaN
1635255000,149.33,150.84,149.0101,149.32,144.3742857142856,144.10466666666656,60.388236519696164,52.23251348415305,NaN,NaN
1635341400,149.36,149.73,148.49,148.85,144.7047619047618,144.27704761904752,58.586323251089254,53.1779531040893,NaN,NaN
1635427800,149.82,153.165,149.72,152.57,145.1685714285713,144.50761904761893,66.98363934245612,54.78291655310826,NaN,NaN
1635514200,147.215,149.94,146.4128,149.8,145.56380952380943,144.79952380952372,57.615421743949554,55.733222135685324,NaN,NaN
1635773400,148.985,149.7,147.8,148.96,145.86428571428561,145.13514285714274,55.098818697504434,56.71343185454288,NaN,NaN
1635859800,148.66,151.57,148.65,150.02,146.38238095238086,145.5367619047618,57.61476753153019,57.96755781514518,NaN,NaN
1635946200,150.39,151.97,149.82,151.49,146.87666666666658,145.97114285714275,60.887814758348455,58.855204099962044,NaN,NaN
1636032600,151.58,152.43,150.64,150.96,147.30333333333323,146.39809523809512,59.11533582685631,59.41701870362531,NaN,NaN
1636119000,151.89,152.2,150.06,151.28,147.68380952380943,146.82209523809513,59.87483330426045,59.73890684340167,NaN,NaN
1636381800,151.41,151.57,150.16,150.44,148.04285714285703,147.2578095238094,56.8874146470547,59.511997719096335,NaN,NaN
1636468200,150.2,151.428,150.0601,150.81,148.4238095238094,147.66609523809512,57.88420515673123,59.28499167345137,NaN,NaN
1636554600,150.02,150.13,147.85,147.92,148.7290476190475,148.03657142857134,48.45964923687625,58.35224952497709,NaN,NaN
1636641000,148.96,149.43,147.681,147.87,149.06047619047607,148.38799999999986,48.31308687561156,57.599318884530064,NaN,NaN
1636727400,148.43,150.4,147.48,149.99,149.35714285714272,148.72266666666656,54.58489863208117,57.30674610886041,NaN,NaN
1636986600,150.37,151.88,149.43,150,149.602857142857,149.03466666666654,54.61287516638368,56.89422029790951,NaN,NaN
1637073000,149.94,151.488,149.34,151,149.81476190476175,149.312857142857,57.436552735481825,56.81209383250899,NaN,NaN
1637159400,150.995,155,150.99,153.49,150.03999999999988,149.57504761904747,63.52205978032634,56.56483814949972,NaN,NaN
1637245800,153.71,158.67,153.05,157.87,150.44999999999987,149.85295238095222,71.29629081475971,57.54204308312901,NaN,NaN
1637332200,157.65,161.02,156.5328,160.55,150.97714285714272,150.17695238095223,74.83089134358609,58.95147684356341,NaN,NaN
1637591400,161.68,165.7,161,161.02,151.56428571428557,150.56923809523795,75.40294037935959,60.22206061840838,NaN,NaN
1637677800,161.12,161.8,159.0601,161.41,152.17238095238082,151.04076190476175,75.8925700951446,61.29382885675096,NaN,NaN
1637764200,160.75,162.14,159.64,161.94,152.7733333333332,151.58742857142843,76.5750031594748,62.540947951937994,NaN,NaN
1637937000,159.565,160.45,156.36,156.81,153.15238095238084,152.12790476190463,59.12776187995883,62.487585707345026,NaN,NaN
1638196200,159.37,161.19,158.7901,160.24,153.51761904761892,152.63599999999985,64.88818587403514,63.05906936641505,NaN,NaN
1638282600,159.985,165.52,159.92,165.3,154.25571428571416,153.17428571428556,71.31169083057546,64.01817548597536,NaN,NaN
1638369000,167.48,170.3,164.53,164.77,155.00857142857132,153.74152380952367,69.86984569995124,65.54747523333786,NaN,NaN
1638455400,158.735,164.2,157.8,163.76,155.66285714285704,154.31942857142843,67.08615505214274,66.88840867451867,NaN,NaN
1638541800,164.02,164.96,159.72,161.84,156.15571428571417,154.92009523809512,62.02701603448736,67.41998848897624,NaN,NaN
1638801000,164.29,167.8799,164.28,165.32,156.83952380952368,155.58447619047604,66.89940754142857,68.2975979443366,NaN,NaN
1638887400,169.08,171.58,168.34,171.18,157.78714285714273,156.29076190476175,73.14759085717677,69.41981495302909,NaN,NaN
1638973800,172.125,175.96,170.7,175.08,158.96047619047607,157.08114285714274,76.34755889062747,70.33592203233631,NaN,NaN
1639060200,174.91,176.75,173.92,174.56,160.09142857142848,157.966857142857,75.06312299732609,70.6049814739482,NaN,NaN
1639146600,175.205,179.63,174.69,179.45,161.59285714285704,159.05428571428556,78.69327047804211,70.88086569783792,NaN,NaN
1639405800,181.115,182.13,175.53,175.74,162.9199999999999,160.2703809523808,70.32834050296313,70.51839427809531,NaN,NaN
1639492200,175.25,177.74,172.21,174.33,164.07904761904751,161.52876190476175,67.39616613208482,69.9115082807339,NaN,NaN
1639578600,175.11,179.5,172.3108,179.3,165.4742857142856,162.83152380952365,71.85111372600552,69.57408760691467,NaN,NaN
1639665000,179.28,181.14,170.75,172.26,166.48666666666654,164.1105714285713,59.45788798744974,69.59766804316402,NaN,NaN
1639751400,169.93,173.47,169.69,171.14,167.32714285714275,165.25742857142842,57.75124662787941,69.08788666843861,NaN,NaN
1640010600,168.28,170.58,167.46,169.75,167.89285714285703,166.25199999999984,55.61758107703782,67.9668788289002,NaN,NaN
1640097000,171.555,173.2,169.12,172.99,168.485238095238,167.1332380952379,59.38438416584514,67.21791729074978,NaN,NaN
1640183400,173.04,175.86,172.15,175.64,169.18142857142846,167.8746666666665,62.20946293022705,66.86958213918437,NaN,NaN
1640269800,175.85,176.8499,175.27,176.28,169.88952380952372,168.55523809523794,62.880973539733766,66.93057910384482,NaN,NaN
1640615400,177.085,180.42,177.07,180.33,170.765238095238,169.242857142857,66.89041012133566,66.92993643098104,NaN,NaN
1640701800,180.16,181.33,178.53,179.29,171.8357142857142,170.03142857142842,64.95028026000733,66.34441424546894,NaN,NaN
1640788200,179.33,180.63,178.14,179.38,172.74714285714276,170.8838095238094,65.04476746241099,65.53707200059634,NaN,NaN
1640874600,179.47,180.57,178.09,178.2,173.36142857142846,171.7198095238094,62.659698594803125,64.65111311470184,NaN,NaN
1640961000,178.085,179.23,177.26,177.57,173.9709523809523,172.53609523809513,61.36592270843056,63.41344541687244,NaN,NaN
1641220200,177.83,182.88,177.71,182.01,174.83999999999992,173.3510476190475,66.60004365822158,63.147138499390906,NaN,NaN
1641306600,182.63,182.94,179.12,179.7,175.6904761904761,174.12199999999987,61.90125052314122,62.754644527323514,NaN,NaN
1641393000,179.61,180.17,174.64,174.92,176.14761904761895,174.8020952380951,53.49126446244983,61.44322672278382,NaN,NaN
1641479400,172.7,175.3,171.64,172,176.18666666666658,175.3671428571427,49.102529478555795,60.70355825786282,NaN,NaN
1641565800,172.89,174.14,171.03,172.17,176.04809523809513,175.7825714285713,49.363009925532474,60.10439849340946,NaN,NaN
1641825000,169.08,172.5,168.17,172.19,175.935238095238,176.00161904761893,49.39582180163513,59.65998711659499,NaN,NaN
1641911400,172.32,175.18,170.82,175.08,175.72714285714275,176.00895238095228,54.03113895310884,59.2776124585424,NaN,NaN
1641997800,176.12,177.18,174.82,175.53,175.71714285714273,175.92285714285703,54.72654122775397,58.743118051222886,NaN,NaN
1642084200,175.78,176.62,171.79,172.19,175.615238095238,175.80857142857127,48.82296530400487,57.738974605813674,NaN,NaN
1642170600,171.34,173.78,171.09,173.07,175.31857142857135,175.66266666666652,50.34288120252951,56.55700825447038,NaN,NaN
1642516200,171.51,172.54,169.405,169.8,175.2014285714285,175.51590476190464,44.99525634096115,55.13164940310994,NaN,NaN
1642602600,170,171.08,165.94,166.23,174.96761904761897,175.36399999999986,39.99969094070706,53.34271536584537,NaN,NaN
1642689000,166.98,169.68,164.18,164.51,174.71809523809517,175.16419047619038,37.82099899068746,51.56852253697997,NaN,NaN
1642775400,164.415,166.33,162.3,162.41,174.21428571428564,174.8839999999999,35.29339973284729,49.706199467295455,NaN,NaN
1643034600,160.02,162.3,154.7,161.62,173.5466666666666,174.52961904761895,34.36302253058696,47.40355510103584,NaN,NaN
1643121000,158.98,162.76,157.02,159.78,172.76095238095232,174.04152380952374,32.231815001221506,45.284309706613,NaN,NaN
1643207400,163.5,164.3894,157.82,159.69,171.77809523809515,173.40361904761895,32.12685785674408,43.75828066334831,NaN,NaN
1643293800,162.45,163.84,158.28,159.22,170.82238095238088,172.6244761904761,31.549089037351635,42.504463488976576,NaN,NaN
1643380200,165.71,170.35,162.8,170.33,170.3914285714285,171.85990476190466,53.045431995098774,42.76749363680275,NaN,NaN
1643639400,170.16,175,169.51,174.78,170.22857142857134,171.19628571428558,58.64715215051708,43.42830294743717,NaN,NaN
1643725800,174.01,174.84,172.31,174.61,170.08761904761897,170.66161904761893,58.36070947843147,43.73755798496022,NaN,NaN
1643812200,174.745,175.88,173.33,175.84,169.79380952380944,170.26476190476177,59.88726950964496,44.10618143366671,NaN,NaN
1643898600,174.48,176.2399,172.12,172.9,169.46999999999994,169.99428571428558,54.72301664824749,44.527613672541186,NaN,NaN
1643985000,171.68,174.1,170.68,172.39,169.34952380952373,169.78590476190465,53.8554355962944,44.77851041495297,NaN,NaN
1644244200,172.86,173.9458,170.95,171.66,169.33333333333326,169.60685714285702,52.5706786365861,45.319612007497604,NaN,NaN
1644330600,171.73,175.35,171.43,174.83,169.45999999999992,169.48133333333323,57.33088870987447,46.557554705295274,NaN,NaN
1644417000,176.05,176.65,174.9,176.28,169.65476190476184,169.4535238095237,59.3410406729882,48.09470053974534,NaN,NaN
1644503400,174.14,175.48,171.55,172.12,169.51380952380947,169.46228571428563,51.801155194710084,49.27382592987839,NaN,NaN
1644589800,172.33,173.08,168.04,168.64,169.18571428571425,169.42952380952372,46.4806553968436,50.139371134611004,NaN,NaN
1644849000,167.37,169.58,166.56,168.88,169.0280952380952,169.36847619047612,46.88582801040967,51.186086349553015,NaN,NaN
1644935400,170.97,172.95,170.25,172.79,169.01476190476185,169.27942857142853,53.1135199973077,52.68513364530755,NaN,NaN
1645021800,171.85,173.34,170.05,172.55,169.14571428571426,169.177619047619,52.70502391880778,54.19627185112586,NaN,NaN
1645108200,171.03,171.91,168.47,168.88,169.27190476190472,169.12923809523804,46.780091752831815,53.748747548106785,NaN,NaN
1645194600,169.82,170.5413,166.19,167.3,169.40476190476187,169.17304761904757,44.462682510392774,52.73557114524076,NaN,NaN
1645540200,164.98,166.69,162.15,164.32,169.49571428571426,169.26657142857135,40.3978404515544,51.4525090718924,NaN,NaN
1645626600,165.54,166.15,159.75,160.07,169.42190476190473,169.34799999999993,35.4238883938191,49.70512470647627,NaN,NaN
1645713000,152.58,162.85,152,162.74,169.5628571428571,169.4314285714285,40.38950503593122,48.68130244845368,NaN,NaN
1645799400,163.84,165.12,160.8738,164.85,169.80857142857138,169.53876190476183,44.0509292726541,47.98098056819366,NaN,NaN
1646058600,163.06,165.42,162.43,165.12,170.08952380952377,169.67571428571418,44.52052663216143,47.405969710734745,NaN,NaN
1646145000,164.695,166.6,161.97,163.2,169.74999999999994,169.72657142857133,41.83171378851576,46.298885787780556,NaN,NaN
1646231400,164.39,167.36,162.95,166.56,169.3585714285714,169.71390476190464,47.775919310428776,45.472805690454884,NaN,NaN
1646317800,168.47,168.91,165.55,166.23,168.95952380952377,169.593238095238,47.265053256378955,45.14879840914552,NaN,NaN
1646404200,164.49,165.55,162.1,163.17,168.35619047619042,169.30276190476178,42.7050097282976,44.879109432820805,NaN,NaN
1646663400,163.36,165.02,159.04,159.3,167.70857142857136,168.82657142857133,37.74520228733105,44.22620759545804,NaN,NaN
1646749800,158.82,162.88,155.8,157.44,166.99666666666658,168.27590476190466,35.6048660265611,42.97558945469042,NaN,NaN
1646836200,161.475,163.41,159.41,162.95,166.5819047619047,167.7205714285713,45.4695402848957,42.45876919512528,NaN,NaN
1646922600,160.2,160.39,155.98,158.52,165.80523809523805,167.08971428571417,40.14482838910957,41.98482181200227,NaN,NaN
1647009000,158.93,159.28,154.5,154.73,164.7790476190476,166.37428571428558,36.235273931140256,41.39714977062709,NaN,NaN
1647264600,151.45,154.12,150.1,150.62,163.75523809523804,165.58361904761892,32.53498552939968,40.83551727618747,NaN,NaN
1647351000,150.9,155.57,150.38,155.09,163.10999999999993,164.8062857142856,39.74220349762652,41.14396835503085,NaN,NaN
1647437400,157.05,160,154.46,159.59,162.66761904761898,164.02342857142844,45.99678593397384,41.544488419176744,NaN,NaN
1647523800,158.61,161,157.63,160.62,162.08809523809518,163.27999999999986,47.34401731712722,41.77970899378197,NaN,NaN
1647610200,160.51,164.48,159.76,163.98,161.67999999999995,162.66019047619034,51.58700049352989,42.28445712673687,NaN,NaN
1647869400,163.51,166.35,163.015,165.38,161.51333333333326,162.2118095238094,53.27640361768484,43.101934971677515,NaN,NaN
1647955800,165.51,169.42,164.91,168.82,161.58571428571426,161.90695238095228,57.22611273767602,43.77694878790946,NaN,NaN
1648042200,167.99,172.64,167.65,170.21,161.86619047619044,161.74666666666656,58.74372188719366,44.59685369011051,NaN,NaN
1648128600,171.06,174.14,170.21,174.07,162.5328571428571,161.83561904761893,62.7013214474682,46.02516167005127,NaN,NaN
1648215000,173.88,175.28,172.75,174.72,163.1033333333333,162.1202857142856,63.339079431866615,47.853295751803806,NaN,NaN
1648474200,172.17,175.73,172,175.6,163.61523809523806,162.5406666666666,64.2307937911965,49.89800487784918,NaN,NaN
1648560600,176.69,179.01,176.34,178.96,164.27428571428567,163.07838095238085,67.48297330845772,51.47039295096075,NaN,NaN
1648647000,178.55,179.61,176.7,177.77,164.9680952380952,163.69876190476182,65.22121366187889,53.26156332758713,NaN,NaN
1648733400,177.84,178.03,174.4,174.61,165.35142857142856,164.26247619047612,59.51673278295162,54.92452467414508,NaN,NaN
1648819800,174.03,174.88,171.94,174.31,165.73619047619047,164.78904761904755,58.98923712650793,56.81411407393853,NaN,NaN
1649079000,174.57,178.49,174.44,178.44,166.4633333333333,165.3586666666666,63.75217811789488,58.529112261100565,NaN,NaN
1649165400,177.5,178.3,174.415,175.06,167.21380952380952,165.9465714285714,57.83246835957936,59.37451814864381,NaN,NaN
1649251800,172.36,173.63,170.13,171.83,167.8990476190476,166.53276190476186,52.788045612373935,59.76337731259001,NaN,NaN
1649338200,171.16,173.36,169.85,172.14,168.33666666666667,167.12980952380946,53.20987593788637,59.8792969871869,NaN,NaN
1649424600,171.78,171.78,169.2,170.09,168.88761904761904,167.76009523809518,50.02667324708754,59.64717338928709,NaN,NaN
1649683800,168.71,169.03,165.5,165.75,169.41238095238097,168.34990476190472,44.02232863247065,58.704045953200996,NaN,NaN
1649770200,168.02,169.87,166.64,167.66,170.22380952380954,168.9519047619047,47.03519379348443,57.86772251793605,NaN,NaN
1649856600,167.39,171.04,166.77,170.4,170.95285714285714,169.56266666666662,51.1011732960182,57.03914050711819,NaN,NaN
1649943000,170.62,171.27,165.04,165.29,171.22428571428574,170.1401904761904,44.2748082749044,55.67740685304947,NaN,NaN
1650288600,163.92,166.5984,163.57,165.07,171.4361904761905,170.64990476190468,44.00227456623358,54.232512622694976,NaN,NaN
1650375000,165.02,167.82,163.91,167.4,171.59904761904764,171.08723809523804,47.67580795513328,52.817715097457516,NaN,NaN
1650461400,168.76,168.88,166.1,167.23,171.68714285714287,171.3799047619047,47.431320542489864,51.54700844607259,NaN,NaN
1650547800,168.91,171.53,165.91,166.42,171.57285714285717,171.50390476190472,46.21523427960095,50.59690141011897,NaN,NaN
1650634200,166.46,167.8699,161.5,161.79,171.17190476190478,171.49342857142852,39.91551046838769,49.234492363110384,NaN,NaN
1650893400,161.12,163.17,158.46,162.88,170.63904761904763,171.33399999999997,41.922631095993644,47.675239004403146,NaN,NaN
1650979800,162.25,162.34,156.72,156.8,169.78571428571433,170.97133333333332,34.91615995468253,46.0383598326248,NaN,NaN
1651066200,155.91,159.79,155.38,156.57,168.87952380952385,170.4098095238095,34.680036411767276,44.74493060401004,NaN,NaN
1651152600,159.25,164.515,158.93,163.64,168.15000000000003,169.7252380952381,46.62819477481758,44.27481052093369,NaN,NaN
1651239000,161.84,166.2,157.25,157.65,167.19190476190477,168.92923809523808,39.95915346848382,43.555701965319145,NaN,NaN
1651498200,156.71,158.23,153.27,157.96,166.39904761904765,168.0812380952381,40.43397779321993,43.29939119108695,NaN,NaN
1651584600,158.15,160.71,156.32,159.48,165.69285714285718,167.26266666666666,42.82170089893917,42.998427412905144,NaN,NaN
1651671000,159.67,166.48,159.26,166.02,165.10142857142858,166.5070476190476,51.77836240644358,43.04679806364981,NaN,NaN
1651757400,163.85,164.08,154.95,156.77,164.23047619047622,165.72314285714285,41.804068745774195,42.87031666871194,NaN,NaN
1651843800,156.01,159.44,154.18,157.28,163.53761904761907,164.9922857142857,42.4621815760089,42.76031002655304,NaN,NaN
1652103000,154.925,155.83,151.49,152.06,162.5814285714286,164.22876190476188,37.75590322279235,42.0517454028144,NaN,NaN
1652189400,155.52,156.74,152.93,154.51,161.83952380952383,163.4580952380952,41.057932625739106,41.596503408760775,NaN,NaN
1652275800,153.5,155.45,145.81,146.5,160.92285714285717,162.62238095238095,34.596033289696194,40.76656048091043,NaN,NaN
1652362200,142.77,146.2,138.8,142.56,159.72761904761907,161.72180952380953,31.933709517190806,40.19643184153922,NaN,NaN
1652448600,144.59,148.105,143.11,147.11,158.61857142857144,160.738,37.87899726862409,39.907600853869965,NaN,NaN
1652707800,145.55,147.5199,144.18,145.54,157.67809523809527,159.75733333333335,36.688193863541706,40.034174704502774,NaN,NaN
1652794200,148.86,149.77,146.68,149.24,156.92428571428573,158.77428571428572,41.366355653380104,40.51176893604655,NaN,NaN
1652880600,146.85,147.3601,139.9,140.82,155.65857142857143,157.7214285714286,35.02399088100644,39.68289722934575,NaN,NaN
1652967000,139.88,141.66,136.6,137.35,154.23571428571432,156.6230476190476,32.79257008233857,39.170998416049656,NaN,NaN
1653053400,139.09,140.7,132.61,137.59,152.8628571428572,155.47190476190477,33.10999682494332,38.647856918315604,NaN,NaN
1653312600,137.79,143.26,137.65,143.11,151.97333333333336,154.33095238095237,40.11569983580103,38.45457112809146,NaN,NaN
1653399000,140.805,141.97,137.33,140.36,150.90095238095242,153.12628571428567,37.981472848357896,37.469079016799625,NaN,NaN
1653485400,138.43,141.785,138.34,140.52,150.1257142857143,152.0197142857143,38.187523669250815,37.21075436847652,NaN,NaN
1653571800,137.39,144.34,137.14,143.78,149.51666666666668,151.07590476190475,42.38754578892855,37.205423240827926,NaN,NaN
1653658200,145.39,149.68,145.26,149.64,148.85000000000002,150.2733333333333,49.08467468005238,38.01462120206079,NaN,NaN
1654003800,149.07,150.66,146.84,148.84,148.4304761904762,149.56476190476187,48.25989919075132,38.529047385275945,NaN,NaN
1654090200,149.9,151.74,147.68,148.71,147.99000000000004,148.9825714285714,48.118404840382745,39.494931067467846,NaN,NaN
1654176600,147.83,151.27,146.86,151.21,147.59619047619051,148.47666666666663,51.08833654177602,40.863118712081075,NaN,NaN
1654263000,146.9,147.97,144.46,145.38,146.61333333333337,147.89600000000002,44.66690015142547,41.34796891799546,NaN,NaN
1654522200,147.03,148.5689,144.9,146.14,146.1071428571429,147.34742857142857,45.626363790482934,41.98640962706269,NaN,NaN
1654608600,144.345,149,144.1,148.71,145.69904761904766,146.80114285714285,48.85592180146572,42.521378637640225,NaN,NaN
1654695000,148.58,149.8697,147.46,147.96,145.50380952380957,146.30390476190476,47.96065467281213,43.44542605134064,NaN,NaN
1654781400,147.08,147.95,142.53,142.64,144.93857142857146,145.77238095238096,42.07143439812433,44.10820207389677,NaN,NaN
1654867800,140.28,140.76,137.06,137.13,144.492380952381,145.3481904761905,37.00340592957378,44.38630272422751,NaN,NaN
1655127000,132.87,135.2,131.44,131.88,143.98380952380958,144.9235238095238,32.93268562990016,43.873230280948874,NaN,NaN
1655213400,133.13,133.89,131.48,132.76,143.30047619047625,144.44380952380953,34.23858220517678,43.60588094929308,NaN,NaN
1655299800,134.29,137.34,132.16,135.43,142.8190476190477,143.90685714285715,38.17222361495645,43.60478808827206,NaN,NaN
1655386200,132.08,132.39,129.04,130.06,141.90571428571434,143.30028571428574,33.793884263349696,42.990955122159285,NaN,NaN
1655472600,130.065,133.079,129.81,131.56,141.46476190476199,142.69476190476192,36.002040233007435,42.05648123308465,NaN,NaN
1655818200,133.42,137.06,133.32,135.87,141.39428571428576,142.17685714285716,41.98907927089219,41.60856552452328,NaN,NaN
1655904600,134.79,137.76,133.91,135.35,141.2876190476191,141.7742857142857,41.48482913558356,41.13473868846619,NaN,NaN
1655991000,136.82,138.59,135.63,138.27,141.0571428571429,141.42190476190476,45.44665385250986,40.73176135351861,NaN,NaN
1656077400,139.9,141.91,139.77,141.66,141.11904761904765,141.26457142857143,49.704206020916786,41.09156891562513,NaN,NaN
1656336600,142.695,143.49,140.965,141.66,141.17333333333337,141.20628571428568,49.704206020916786,41.382843360656125,NaN,NaN
1656423000,142.13,143.422,137.325,137.44,140.8714285714286,141.10171428571428,44.67098259822362,41.083919131853115,NaN,NaN
1656509400,137.46,140.67,136.67,139.23,140.3757142857143,140.91933333333333,47.11718773684326,41.02367149356962,NaN,NaN
1656595800,137.25,138.37,133.7737,136.72,139.79857142857148,140.66761904761904,44.16831441705937,41.173448637779266,NaN,NaN
1656682200,136.04,139.04,135.66,138.93,139.3328571428572,140.31038095238097,47.29600326310811,41.90863416160315,NaN,NaN
1657027800,137.77,141.61,136.93,141.56,138.8733333333334,139.85038095238093,50.826395836497284,43.18675631921723,NaN,NaN
1657114200,141.355,144.12,141.08,142.92,138.7561904761905,139.42733333333334,52.594767607148334,44.49791241935806,NaN,NaN
1657200600,143.29,146.55,143.28,146.35,138.76619047619053,139.1054285714286,56.81303505650592,45.82939895089731,NaN,NaN
1657287000,145.265,147.55,145,147.04,138.68666666666672,138.88304761904766,57.62982013174926,47.53196579864014,NaN,NaN
1657546200,145.67,146.64,143.78,144.87,138.53952380952387,138.72438095238098,54.16058464914822,48.829004685507336,NaN,NaN
1657632600,145.76,148.45,145.05,145.86,138.6928571428572,138.68828571428577,55.47740676447029,49.79245664933433,NaN,NaN
1657719000,142.99,146.45,142.1201,145.49,139.09095238095244,138.75523809523816,54.84329935405098,50.746633093510574,NaN,NaN
1657805400,144.08,148.95,143.25,148.47,139.88095238095244,138.97819047619055,58.91630827669403,51.70875126666659,NaN,NaN
1657891800,149.78,150.86,148.2,150.17,140.71000000000006,139.3828571428572,61.073345218037666,52.520832637889505,NaN,NaN
1658151000,150.74,151.57,146.7,147.07,141.26428571428576,139.9278095238096,55.36487308110801,52.92516599933174,NaN,NaN
1658237400,147.92,151.23,146.91,151,142.26142857142864,140.6415238095239,60.41615589256933,54.049821234642145,NaN,NaN
1658323800,151.12,153.72,150.37,153.04,143.28428571428577,141.48019047619056,62.77133874231593,55.16797487789019,NaN,NaN
1658410200,154.5,155.57,151.94,155.35,144.2119047619048,142.34638095238103,65.2897729676204,56.676650488644555,NaN,NaN
1658496600,155.39,156.28,153.41,154.09,145.10428571428577,143.22523809523818,62.794500071439714,57.78368597495396,NaN,NaN
1658755800,154.01,155.04,152.28,152.95,145.8033333333334,144.1330476190477,60.54007985692767,58.47752054784184,NaN,NaN
1658842200,152.265,153.085,150.8,151.6,146.27666666666673,144.93609523809533,57.88958305322774,58.85572165113323,NaN,NaN
1658928600,152.58,157.33,152.16,156.79,146.9971428571429,145.67866666666674,64.35127903048146,59.394167649274344,NaN,NaN
1659015000,156.98,157.64,154.41,157.35,147.94523809523812,146.4253333333334,64.97577673209553,59.91887883501336,NaN,NaN
1659101400,161.24,163.63,159.5,162.51,149.05380952380958,147.21523809523813,70.16252649915317,61.06187468144229,NaN,NaN
1659360600,161.01,163.59,160.89,161.51,150.23428571428576,148.1014285714286,68.05900309436163,61.96056013357738,NaN,NaN
1659447000,160.1,162.41,159.63,160.01,151.23809523809527,149.09371428571433,64.91513693299177,62.67997710350172,NaN,NaN
1659533400,160.84,166.59,160.75,166.13,152.40809523809529,150.1759047619048,70.83470122877674,63.53129088579335,NaN,NaN
1659619800,166.005,167.19,164.43,165.81,153.4980952380953,151.28647619047624,70.16805924615726,64.18091331637332,NaN,NaN
1659706200,163.21,165.85,163,165.35,154.4028571428572,152.35628571428578,69.16043903013522,65.16631088416098,NaN,NaN
1659965400,166.37,167.81,164.2,164.87,155.25190476190483,153.3598095238096,68.06211387635979,65.71245074014601,NaN,NaN
1660051800,164.02,165.82,163.25,164.92,156.2066666666667,154.35352380952386,68.11891014413449,66.0944201259902,NaN,NaN
1660138200,167.68,169.34,166.9,169.24,157.32000000000005,155.3359047619048,72.64522895344479,66.61980983926335,NaN,NaN
1660224600,170.06,170.99,168.19,168.49,158.41523809523818,156.3193333333334,70.76676222786081,67.18925713615059,NaN,NaN
1660311000,169.82,172.17,169.4,172.1,159.54047619047628,157.3468571428572,74.22198815922064,68.16653630060009,NaN,NaN
1660570200,171.52,173.39,171.345,173.19,160.63666666666674,158.42380952380958,75.1760454998713,69.40128361821748,NaN,NaN
1660656600,172.78,173.71,171.6618,173.03,161.8728571428572,159.55704761904767,74.73877597799458,70.14324768589698,NaN,NaN
1660743000,172.77,176.15,172.57,174.55,162.9942857142858,160.69190476190482,76.15759832418661,70.9419492281892,NaN,NaN
1660829400,173.75,174.9,173.12,174.15,163.9995238095239,161.80876190476198,74.96435361608019,71.28493687939827,NaN,NaN
1660915800,173.03,173.74,171.3101,171.52,164.76952380952392,162.8545714285715,67.47817715685102,71.24344931243323,NaN,NaN
1661175000,169.69,169.86,167.135,167.57,165.41142857142867,163.8095238095239,58.09462555642729,70.75626992839292,NaN,NaN
1661261400,167.08,168.71,166.65,167.23,166.09142857142868,164.6532380952382,57.35528614069317,69.79345456495838,NaN,NaN
1661347800,167.32,168.11,166.245,167.53,166.8500000000001,165.42438095238103,57.86482780035997,68.91465231883,NaN,NaN
1661434200,168.78,170.14,168.35,170.03,167.48047619047628,166.1205714285715,61.945434154575594,68.39929482771859,NaN,NaN
1661520600,170.57,171.05,163.56,163.62,167.7790476190477,166.72247619047627,48.87548940454298,67.02882165116026,NaN,NaN
1661779800,161.145,162.9,159.82,161.38,167.72523809523818,167.18523809523816,45.28009566009071,65.39747775944285,NaN,NaN
1661866200,162.13,162.56,157.72,158.91,167.60142857142864,167.48723809523818,41.642412731969,63.18299088648029,NaN,NaN
1661952600,160.305,160.58,157.14,157.22,167.4685714285715,167.61095238095245,39.31511730188506,60.93644482033917,NaN,NaN
1662039000,156.64,158.42,154.67,157.96,167.0795238095239,167.53076190476196,40.873337033884006,58.55439831138656,NaN,NaN
1662125400,159.75,160.362,154.965,155.81,166.6033333333334,167.2956190476191,37.833721411493855,55.88708944793103,NaN,NaN
1662471000,156.47,157.09,153.69,154.53,166.08809523809532,166.96819047619053,36.11191135401427,53.128027689075296,NaN,NaN
1662557400,154.825,156.67,153.61,155.96,165.6638095238096,166.58066666666673,39.42845401705889,50.50451738142332,NaN,NaN
1662643800,154.64,156.36,152.68,154.46,165.1657142857144,166.1200952380953,37.24438477608753,47.81023389285241,NaN,NaN
1662730200,155.47,157.82,154.75,157.37,164.60047619047626,165.6242857142858,43.753723140069496,46.11563003451088,NaN,NaN
1662989400,159.59,164.26,159.3,163.43,164.3595238095239,165.1755238095239,54.3685485902892,45.84948167978673,NaN,NaN
1663075800,159.9,160.54,153.37,153.84,163.4900000000001,164.65590476190488,41.13765273649465,44.691079293772546,NaN,NaN
1663162200,154.785,157.1,153.6106,155.31,162.6385714285715,164.05085714285724,43.41095551833754,43.65865984505666,NaN,NaN
1663248600,154.65,155.24,151.38,152.37,161.65476190476198,163.34866666666676,40.077214101484785,42.096644126978745,NaN,NaN
1663335000,151.21,151.35,148.37,150.7,160.51904761904768,162.53238095238106,38.27897795541064,41.339750452040725,NaN,NaN
1663594200,149.31,154.56,149.1,154.48,159.58238095238104,161.5769523809525,44.36403729661184,41.27431771179224,NaN,NaN
1663680600,153.4,158.08,153.08,156.9,158.88619047619054,160.65619047619057,47.90511183335445,41.72165336189119,NaN,NaN
1663767000,157.34,158.74,153.6,153.72,158.22666666666674,159.7738095238096,43.94685726526433,42.052491930704,NaN,NaN
1663853400,152.38,154.47,150.91,152.74,157.53666666666675,158.95019047619058,42.773894315236646,42.18824602222919,NaN,NaN
1663939800,151.19,151.47,148.56,150.43,156.72238095238103,158.19085714285725,40.05973620188139,42.347247078685434,NaN,NaN
1664199000,149.66,153.7701,149.64,150.77,155.80523809523817,157.43542857142864,40.6566070198348,42.671868197672616,NaN,NaN
1664285400,152.74,154.72,149.945,151.76,155.24047619047627,156.70628571428583,42.45349743113816,42.88794272724971,NaN,NaN
1664371800,147.64,150.6414,144.84,149.84,154.69095238095247,155.999142857143,39.92837975276523,43.07965665415526,NaN,NaN
1664458200,146.1,146.72,140.68,142.48,153.90857142857152,155.27352380952394,32.05697920722861,42.24417494466662,NaN,NaN
1664544600,141.28,143.1,138,138.2,153.00285714285724,154.52961904761918,28.534191048174378,40.39886369165841,NaN,NaN
1664803800,138.21,143.07,137.685,142.45,152.2642857142858,153.8214285714287,36.049358812835614,40.03541412568277,NaN,NaN
1664890200,145.03,146.22,144.26,146.1,151.80190476190484,153.1337142857144,41.71781517392459,39.914475529653274,NaN,NaN
1664976600,144.075,147.38,143.01,146.4,151.41476190476197,152.4784761904763,42.171521405863054,40.064068908537436,NaN,NaN
1665063000,145.81,147.54,145.22,145.43,150.9133333333334,151.8794285714287,41.05856575625845,40.26261089431228,NaN,NaN
1665149400,142.54,143.1,139.445,140.09,150.2290476190477,151.3246666666668,35.50355795714144,39.62971951292155,NaN,NaN
1665408600,140.42,141.89,138.5729,140.42,149.42190476190484,150.75619047619057,36.079105374189766,38.785004765838345,NaN,NaN
1665495000,139.9,141.35,138.22,138.98,148.25761904761913,150.04733333333343,34.6270150128246,38.119301747806944,NaN,NaN
1665581400,139.13,140.36,138.16,138.34,147.5195238095239,149.2682857142858,33.97257696715822,37.4906362229442,NaN,NaN
1665667800,134.99,143.59,134.37,142.99,146.93285714285724,148.4721904761906,42.478839552805546,37.66342931943878,NaN,NaN
1665754200,144.31,144.52,138.19,138.38,146.26666666666674,147.6797142857144,37.34253371989945,37.42670979801482,NaN,NaN
1666013400,141.065,142.9,140.27,142.41,145.87190476190486,146.96971428571442,43.74607038710974,37.51903643772708,NaN,NaN
1666099800,145.49,146.7,140.61,143.75,145.36095238095248,146.39038095238107,45.73205060647397,37.93358435584913,NaN,NaN
1666186200,141.69,144.9492,141.5,143.86,144.7400000000001,145.83447619047632,45.90089424777698,38.92243543017401,NaN,NaN
1666272600,143.02,145.89,142.65,143.39,144.24809523809532,145.29752380952394,45.253037642087875,40.11663875831069,NaN,NaN
1666359000,142.87,147.8479,142.649,147.27,143.98761904761915,144.8417142857144,51.35681019553945,41.21002814278955,NaN,NaN
1666618200,147.185,150.23,146,149.45,143.9409523809525,144.45552380952392,54.43091105265525,42.118106419841745,NaN,NaN
1666704600,150.09,152.49,149.36,152.34,144.01571428571438,144.1864761904763,58.202086208830785,43.26314676291087,NaN,NaN
1666791000,150.96,151.99,148.04,149.35,143.9009523809525,144.01866666666677,53.28850722406614,44.13671401061141,NaN,NaN
1666877400,148.07,149.046,144.13,144.8,143.66095238095247,143.90123809523823,46.81199183149707,44.9444592873511,NaN,NaN
1666963800,148.2,157.5,147.82,155.74,144.29238095238105,143.9621904761906,59.54365411103034,46.620498482839714,NaN,NaN
1667223000,153.155,154.24,151.92,153.34,145.01333333333346,144.1766666666668,56.356562956191866,48.172609050223095,NaN,NaN
1667309400,155.08,155.45,149.13,150.65,145.40380952380963,144.45428571428585,52.936456751837376,49.527171891985894,NaN,NaN
1667395800,148.945,152.17,145,145.03,145.35285714285723,144.7446666666668,46.576802783592925,49.81988355132785,NaN,NaN
1667482200,142.06,142.8,138.75,138.88,144.99476190476202,145.01142857142872,40.80029452052226,50.06686646565805,NaN,NaN
1667568600,142.09,142.67,134.38,138.38,144.65904761904773,145.08476190476205,40.36201803599443,49.82514844057839,NaN,NaN