time,open,high,low,close,RSI,RSI-based MA,Upper Bollinger Band,Lower Bollinger Band
1582727400,71.6325,74.47,71.625,73.1625,36.630364439413675,53.180634460999784,NaN,NaN
1582813800,70.275,71.5,68.24,68.38,28.656219625789845,50.65477671298169,NaN,NaN
1582900200,64.315,69.6025,64.0925,68.34,28.6001405635851,48.51180810650406,NaN,NaN
1583159400,70.57,75.36,69.43,74.7025,46.525907814114014,47.57224786144942,NaN,NaN
1583245800,75.9175,76,71.45,72.33,42.26480177422042,46.475630536896325,NaN,NaN
1583332200,74.11,75.85,73.2825,75.685,49.33178524509081,45.49904791161134,NaN,NaN
1583418600,73.88,74.8875,72.8525,73.23,44.9919623631808,44.39393894801167,NaN,NaN
1583505000,70.5,72.705,70.3075,72.2575,43.36453120784294,43.16838067953627,NaN,NaN
1583760600,65.9375,69.5225,65.75,66.5425,35.28677159847969,41.82640463863858,NaN,NaN
1583847000,69.285,71.61,67.3425,71.335,44.60544180301469,40.88171312682912,NaN,NaN
1583933400,69.3475,70.305,67.965,68.8575,41.2949392148146,39.946484827186474,NaN,NaN
1584019800,63.985,67.5,62,62.0575,33.86567567692505,38.95771304691658,NaN,NaN
1584106200,66.2225,69.98,63.2375,69.4925,45.42647105945863,39.52188248373768,NaN,NaN
1584365400,60.4875,64.77,60,60.5525,37.041672856872516,39.849048945914475,NaN,NaN
1584451800,61.8775,64.4025,59.6,63.215,40.56048171760832,40.12977160864266,NaN,NaN
1584538200,59.9425,62.5,59.28,61.6675,39.189480842963896,40.88214740986938,NaN,NaN
1584624600,61.84625,63.21,60.6525,61.195,38.758696776049085,41.60775856790252,NaN,NaN
1584711000,61.795,62.9575,57,57.31,35.32078763338319,40.807392840707465,NaN,NaN
1584970200,57.02,57.124925,53.1525,56.0925,34.29417129442973,40.23806209215099,NaN,NaN
1585056600,59.09,61.9225,58.575,61.72,42.598963060943724,39.757146221854775,NaN,NaN
1585143000,62.6875,64.5625,61.075,61.38,42.251494891482174,39.561398545304876,NaN,NaN
1585229400,61.63,64.67,61.59,64.61,46.69940824007553,39.799604047607204,NaN,NaN
1585315800,63.1875,63.9675,61.7625,61.935,43.697624845768566,40.40037927955641,NaN,NaN
1585575000,62.685,63.88,62.35,63.7025,46.16021213198655,40.51143430305439,NaN,NaN
1585661400,63.9,65.6225,63,63.5725,46.000844787052465,40.8475704153571,NaN,NaN
1585747800,61.625,62.18,59.7825,60.2275,41.984272168763454,41.42747016477413,NaN,NaN
1585834200,60.085,61.2875,59.225,61.2325,43.57828110489671,41.29545659659113,NaN,NaN
1585920600,60.7,61.425,59.743525,60.3525,42.47773645572688,41.68374685365216,NaN,NaN
1586179800,62.725,65.7775,62.345,65.6175,50.527797966069436,42.395698014256524,NaN,NaN
1586266200,67.7,67.925,64.75,64.8575,49.451960547103326,43.128732278837916,NaN,NaN
1586352600,65.685,66.8425,65.3075,66.5175,51.862842227445995,44.06474266822341,NaN,NaN
1586439000,67.175,67.5175,66.175,66.9975,52.567319652079476,45.296637812416,NaN,NaN
1586784600,67.0775,68.425,66.4575,68.3125,54.53056853575902,46.74209475822523,NaN,NaN
1586871000,70,72.0625,69.5125,71.7625,59.29119466192301,47.93439701543803,NaN,NaN
1586957400,70.6,71.5825,70.1575,71.1075,58.04856160475034,49.06275892352862,NaN,NaN
1587043800,71.845,72.049375,70.58755,71.6725,58.84971808114249,49.93063819789054,NaN,NaN
1587130200,71.1725,71.73625,69.215,70.7,56.83769573410673,50.86921468991469,NaN,NaN
1587389400,69.4875,70.42,69.2125,69.2325,53.84601552350889,51.418200646452,NaN,NaN
1587475800,69.07,69.3125,66.3575,67.0925,49.734894570557465,51.684918488130926,NaN,NaN
1587562200,68.4025,69.475,68.05,69.025,53.209122332124686,52.486693499799586,NaN,NaN
1587648600,68.9675,70.4375,68.7175,68.7575,52.66647841939622,53.13585045083527,NaN,NaN
1587735000,69.3,70.7525,69.25,70.7425,56.23339617754158,54.11839757382204,NaN,NaN
1587994200,70.45,71.135,69.9875,70.7925,56.322680341217,54.532317743475424,NaN,NaN
1588080600,71.27,71.4575,69.55,69.645,53.61922326291233,54.82997936603322,NaN,NaN
1588167000,71.1825,72.4175,70.9725,71.9325,57.9520749721043,55.264924562080246,NaN,NaN
1588253400,72.49,73.6325,72.0875,73.45,60.58279093119202,55.837458224874,NaN,NaN
1588339800,71.5625,74.75,71.4625,72.2675,57.56066652949424,56.05389379585508,NaN,NaN
1588599000,72.2925,73.4225,71.5793,73.29,59.44457114375155,56.06484925884284,NaN,NaN
1588685400,73.765,75.25,73.615,74.39,61.42826036605977,56.30625631322208,NaN,NaN
1588771800,75.115,75.81,74.7175,75.1575,62.7956392371712,56.588107824366986,NaN,NaN
1588858200,75.805,76.2925,75.4925,75.935,64.1809290867277,57.11262449241134,NaN,NaN
1588944600,76.41,77.5875,76.0725,77.5325,66.90741147580123,58.045581346146506,NaN,NaN
1589203800,77.025,79.2625,76.81,78.7525,68.85704019016035,59.41144889040386,NaN,NaN
1589290200,79.4575,79.922,77.7275,77.8525,65.77831259894955,60.30924819517707,NaN,NaN
1589376600,78.0375,78.9875,75.8025,76.9125,62.628636482702724,61.020830913984675,NaN,NaN
1589463000,76.1275,77.4475,75.3825,77.385,63.572843201769814,61.54507713000098,NaN,NaN
1589549400,75.0875,76.975,75.0525,76.9275,61.94099305204032,61.94638518077407,NaN,NaN
1589808600,78.2925,79.125,77.581025,78.74,65.69767009040402,62.80913138273777,NaN,NaN
1589895000,78.7575,79.63,78.2525,78.285,63.990104892131654,63.24041923416829,NaN,NaN
1589981400,79.17,79.88,79.05,79.8075,67.07398240963836,63.70407576834303,NaN,NaN
1590067800,79.665,80.2225,78.9675,79.2125,64.74054600001288,64.21692430195151,NaN,NaN
1590154200,78.9425,79.8075,78.8375,79.7225,65.83760034105178,64.67356924461582,NaN,NaN
1590499800,80.875,81.06,79.125,79.1825,63.58183518771782,64.82739601759138,NaN,NaN
1590586200,79.035,79.6775,78.2725,79.5275,64.42057797343514,64.94346307018166,NaN,NaN
1590672600,79.1925,80.86,78.9075,79.5625,64.50987805692284,64.96695942519561,NaN,NaN
1590759000,79.8125,80.2875,79.1175,79.485,64.12607715515875,64.76829268800687,NaN,NaN
1591018200,79.4375,80.5875,79.3025,80.4625,66.80838089333966,64.6219598810911,NaN,NaN
1591104600,80.18625,80.86,79.7325,80.835,67.79653765497488,64.76611881366433,NaN,NaN
1591191000,81.165,81.55,80.575,81.28,68.98447876036923,65.22010754778337,NaN,NaN
1591277400,81.0975,81.405,80.195,80.58,64.92713948711845,65.31684299673684,NaN,NaN
1591363800,80.8375,82.9375,80.8075,82.875,70.95807483524806,65.96092026696597,NaN,NaN
1591623000,82.5625,83.4,81.83,83.365,72.06265365213602,66.41556194994682,NaN,NaN
1591709400,83.035,86.4025,83.0025,85.9975,77.10154003847718,67.35209303182866,NaN,NaN
1591795800,86.975,88.6925,86.5225,88.21,80.31507329863541,68.29788523818559,NaN,NaN
1591882200,87.3275,87.765,83.87,83.975,62.29409949733556,68.12313905942291,NaN,NaN
1591968600,86.18,86.95,83.555825,84.7,63.79190740050994,67.9770181350985,NaN,NaN
1592227800,83.3125,86.42,83.145,85.7475,65.89959868249733,68.14257267043989,NaN,NaN
1592314200,87.865,88.3,86.18,88.02,69.98201616295393,68.5398182554055,NaN,NaN
1592400600,88.7875,88.85,87.7725,87.8975,69.4990091705365,68.89618476352078,NaN,NaN
1592487000,87.8525,88.3625,87.305,87.9325,69.56364543385621,69.28458249771344,NaN,NaN
1592573400,88.65875,89.14,86.2875,87.43,67.35667930867227,69.3237466702372,NaN,NaN
1592832600,87.835,89.865,87.7875,89.7175,71.75042549376269,69.60616723015062,NaN,NaN
1592919000,91,93.095,90.567525,91.6325,74.80748892973818,70.02209652796269,NaN,NaN
1593005400,91.25,92.1975,89.63,90.015,68.10365630214577,70.24899058617892,NaN,NaN
1593091800,90.175,91.25,89.3925,91.21,70.22649204798196,70.19673467280276,NaN,NaN
1593178200,91.1025,91.33,88.255,88.4075,60.120868127743236,69.343749992489,NaN,NaN
1593437400,88.3125,90.5434,87.82,90.445,64.15898710852618,68.41928192606392,NaN,NaN
1593523800,90.02,91.495,90,91.2,65.55100244997271,67.36470543687373,NaN,NaN
1593610200,91.28,91.84,90.9775,91.0275,64.93050590886261,67.55302018055424,NaN,NaN
1593696600,91.9625,92.6175,90.91,91.0275,64.93050590886261,67.63434864543657,NaN,NaN
1594042200,92.5,93.945,92.4675,93.4625,69.63593443224273,67.90122977041838,NaN,NaN
1594128600,93.8525,94.655,93.0575,93.1725,68.45784937580059,67.79236071419315,NaN,NaN
1594215000,94.18,95.375,94.09,95.3425,72.24207219852799,67.98829378762112,NaN,NaN
1594301400,96.2625,96.3175,94.6725,95.6825,72.79284488951963,68.21895089159707,NaN,NaN
1594387800,95.335,95.98,94.705175,95.92,73.1929769265648,68.63582929287512,NaN,NaN
1594647000,97.265,99.955,95.2575,95.4775,71.09503337160473,68.58901556986383,NaN,NaN
1594733400,94.84,97.255,93.8775,97.0575,73.96460490834285,68.52880956833559,NaN,NaN
1594819800,98.99,99.2475,96.49,97.725,75.08973266420543,69.02781502276842,NaN,NaN
1594906200,96.5625,97.405,95.905,96.5225,69.2811366988882,68.9602896406903,NaN,NaN
1594992600,96.9875,97.1475,95.84,96.3275,68.35768923317184,69.54863400536377,NaN,NaN
1595251800,96.41625,98.5,96.0625,98.3575,72.47134784588879,70.14237405803253,NaN,NaN
1595338200,99.1725,99.25,96.7425,97,66.26713440479797,70.19352634052004,NaN,NaN
1595424600,96.6925,97.975,96.6025,97.2725,66.88007874468099,70.3327815430785,NaN,NaN
1595511000,96.998375,97.0775,92.00975,92.845,50.74593819567527,69.31959813499368,NaN,NaN
1595597400,90.9875,92.97,89.145,92.615,50.070194061806056,67.92204525139107,NaN,NaN
1595856600,93.71,94.905,93.48,94.81,56.08090390048319,67.03797771743982,NaN,NaN
1595943000,94.3675,94.54965,93.2475,93.2525,51.356574729799505,65.54615646967349,NaN,NaN
1596029400,93.75,95.23,93.7125,95.04,55.94365450033122,64.34264287044576,NaN,NaN
1596115800,94.1875,96.2975,93.7675,96.19,58.6455635405325,63.30354191430059,NaN,NaN
1596202200,102.88375,106.415,100.825,106.26,73.79867511199357,63.49665918147122,NaN,NaN
1596461400,108.2,111.636425,107.8925,108.9375,76.28670871854756,63.66252373934299,NaN,NaN
1596547800,109.1325,110.79,108.3875,109.665,76.92778610927998,63.79381327113403,NaN,NaN
1596634200,109.3775,110.3925,108.8975,110.0625,77.28906489428068,64.36580814223349,NaN,NaN
1596720600,110.405,114.4125,109.7975,113.9025,80.4705001306703,65.23100892062624,NaN,NaN
1596807000,113.205,113.675,110.2925,111.1125,72.52149988584503,65.23459120919453,NaN,NaN
1597066200,112.6,113.775,110,112.7275,74.11543171327563,65.7951838740858,NaN,NaN
1597152600,111.96875,112.4825,109.106675,109.375,65.60772273088055,65.70430130167149,NaN,NaN
1597239000,110.4975,113.275,110.2975,113.01,69.67269934948604,67.05621281265796,NaN,NaN
1597325400,114.43,116.0425,113.9275,115.01,71.65762234442305,68.59817197570204,NaN,NaN
1597411800,114.82875,115,113.045,114.9075,71.39970243878184,69.69237187129481,NaN,NaN
1597671000,116.0625,116.0875,113.962525,114.6075,70.5987594393976,71.0668136362661,NaN,NaN
1597757400,114.3525,116,114.0075,115.5625,71.68756234513873,72.19137848232377,NaN,NaN
1597843800,115.98325,117.1625,115.61,115.7075,71.8579697081375,73.13512178000984,NaN,NaN
1597930200,115.75,118.392,115.733375,118.275,74.75536243891798,73.20345658907588,NaN,NaN
1598016600,119.2625,124.868,119.25,124.37,80.01546228223397,73.4697961293392,NaN,NaN
1598275800,128.6975,128.785,123.93625,125.8575,81.05306649548979,73.76445901406846,NaN,NaN
1598362200,124.6975,125.1793,123.0525,124.825,78.02484053020842,73.81701441663473,NaN,NaN
1598448600,126.179125,126.9925,125.0825,126.5225,79.3882847313709,73.73971331668477,NaN,NaN
1598535000,127.1425,127.485,123.8325,125.01,74.92744576688088,73.91156659390161,NaN,NaN
1598621400,126.0125,126.4425,124.5775,124.8075,74.32528695087372,73.92655625373004,NaN,NaN
1598880600,127.58,131,126,129.04,78.25826054598974,74.8301660976664,NaN,NaN
1598967000,132.76,134.8,130.53,134.18,81.8870060439627,75.70261657584332,NaN,NaN
1599053400,137.59,137.98,127,131.4,74.63175814641863,75.91505484741444,NaN,NaN
1599139800,126.91,128.84,120.5,120.88,54.833102240272986,74.73172626180666,NaN,NaN
1599226200,120.07,123.7,110.89,120.96,54.93101712627318,73.61260181086921,NaN,NaN
1599571800,113.95,118.99,112.68,112.82,44.38705391293314,71.66256549428309,NaN,NaN
1599658200,117.26,119.14,115.26,117.32,50.090557892834205,70.10775036461857,NaN,NaN
1599744600,120.36,120.5,112.5,113.49,45.7865350359609,68.03854840726449,NaN,NaN
1599831000,114.57,115.23,110,112,44.19553823854052,65.47998240414353,NaN,NaN
1600090200,114.72,115.93,112.8,115.355,48.532223208607256,63.157065026509066,NaN,NaN
1600176600,118.33,118.829,113.61,115.54,48.76864563792287,61.06733681991724,NaN,NaN
1600263000,115.23,116,112.04,112.13,44.69331225152541,58.589124499928275,NaN,NaN
1600349400,109.72,112.2,108.71,110.34,42.67725766075163,56.285539635204756,NaN,NaN
1600435800,110.4,110.88,106.09,106.84,38.97516406113548,53.760530857366305,NaN,NaN
1600695000,104.54,110.19,103.1,110.08,43.83249477315258,51.30154758787794,NaN,NaN
1600781400,112.68,112.86,109.16,111.81,46.290744294568185,48.75895746292118,NaN,NaN
1600867800,111.62,112.11,106.77,107.12,41.046013133959505,46.35997567631697,NaN,NaN
1600954200,105.17,110.25,105,108.22,42.68619804542823,45.49233966239949,NaN,NaN
1601040600,108.43,112.44,107.67,112.28,48.39315945060275,45.025349828423025,NaN,NaN
1601299800,115.01,115.32,112.78,114.96,51.804650929277344,45.55517818673332,NaN,NaN
1601386200,114.55,115.31,113.57,114.09,50.634471544453646,45.594029161849,NaN,NaN
1601472600,113.79,117.26,113.62,115.81,52.899646421117055,46.10210854650301,NaN,NaN
1601559000,117.64,117.72,115.83,116.79,54.189456314738706,46.815959837660024,NaN,NaN
1601645400,112.89,115.37,112.22,113.02,48.66809872785052,46.825665231891676,NaN,NaN
1601904600,113.91,116.65,113.55,116.5,53.38916938647058,47.15570264250224,NaN,NaN
1601991000,115.7,116.12,112.25,113.16,48.75449021565006,47.44578678279685,NaN,NaN
1602077400,114.62,115.55,114.13,115.08,51.368022598903714,48.066555706950574,NaN,NaN
1602163800,116.25,116.4,114.5901,114.97,51.20689251650058,48.94025059661952,NaN,NaN
1602250200,115.28,117,114.92,116.97,54.030323784208555,49.66866695455208,NaN,NaN
1602509400,120.06,125.18,119.2845,124.4,62.671983434246215,50.83875546452908,NaN,NaN
1602595800,125.27,125.39,119.65,121.1,57.50167973622814,52.01416022183399,NaN,NaN
1602682200,121,123.03,119.62,121.19,57.60440484355765,53.07974642170037,NaN,NaN
1602768600,118.72,121.2,118.15,120.71,56.81562458017386,53.6813510738126,NaN,NaN
1602855000,121.28,121.548,118.81,119.02,54.01138075810976,53.838974633014914,NaN,NaN
1603114200,119.96,120.419,115.66,115.98,49.297838286162936,53.74350082885129,NaN,NaN
1603200600,116.2,118.98,115.63,117.51,51.58775606199957,53.64979437462862,NaN,NaN
1603287000,116.67,118.705,116.45,116.87,50.55910978781154,53.39048390841953,NaN,NaN
1603373400,117.45,118.04,114.59,115.75,48.72797417856103,53.394760726327426,NaN,NaN
1603459800,116.39,116.55,114.28,115.04,47.55221903509123,52.9778357012289,NaN,NaN
1603719000,114.01,116.55,112.88,115.05,47.57140718341959,52.893329770355294,NaN,NaN
1603805400,115.49,117.28,114.5399,116.6,50.588903980098515,52.83767844044064,NaN,NaN
1603891800,115.05,115.43,111.1,111.2,41.60490156200388,52.15182194369088,NaN,NaN
1603978200,112.37,116.93,112.2,115.32,49.040678695986394,51.79541872310357,NaN,NaN
1604064600,111.06,111.99,107.72,108.86,40.36218053713966,50.20186137331025,NaN,NaN
1604327400,109.11,110.68,107.32,108.77,40.25529822824408,48.96997697988282,NaN,NaN
1604413800,109.66,111.49,108.73,110.44,43.25788371353328,47.94522547059536,NaN,NaN
1604500200,114.14,115.59,112.35,114.95,50.49389878528189,47.49367362810308,NaN,NaN
1604586600,117.95,119.62,116.8686,119.03,55.96483740336397,47.63320624562124,NaN,NaN
1604673000,118.32,119.2,116.13,118.69,55.4152511516973,48.07016430744512,NaN,NaN
1604932200,120.5,121.99,116.05,116.32,51.61060986030018,48.07179672160945,NaN,NaN
1605018600,115.55,117.59,114.13,115.97,51.05315287650256,48.10708551365881,NaN,NaN
1605105000,117.19,119.63,116.44,119.49,56.17951046532531,48.63933810557053,NaN,NaN
1605191400,119.62,120.53,118.57,119.21,55.67995569885211,49.219890724410604,NaN,NaN
1605277800,119.44,119.6717,117.87,119.26,55.75561459134179,49.804476967833615,NaN,NaN
1605537000,118.92,120.99,118.146,120.3,57.385167977721196,50.28992439623523,NaN,NaN
1605623400,119.55,120.6741,118.96,119.39,55.460366694764346,51.279600477146694,NaN,NaN
1605709800,118.61,119.82,118,118.03,52.619721534702094,51.53524639419782,NaN,NaN
1605796200,117.59,119.06,116.81,118.64,53.76363595528722,52.49249320977979,NaN,NaN
1605882600,118.64,118.77,117.29,117.34,50.94095859542588,53.25575466457849,NaN,NaN
1606141800,117.18,117.6202,113.75,113.85,44.227695374319985,53.325026926063245,NaN,NaN
1606228200,113.91,115.85,112.59,115.17,47.06895064404146,53.0803877731175,NaN,NaN
1606314600,115.55,116.75,115.17,116.03,48.89561613185859,52.57544339658141,NaN,NaN
1606487400,116.57,117.49,116.22,116.59,50.103140736332996,52.19600693834111,NaN,NaN
1606746600,116.97,120.97,116.81,119.05,55.11990155990925,52.44667063117032,NaN,NaN
1606833000,121.01,123.4693,120.01,122.72,61.36137949423851,53.18297253243718,NaN,NaN
1606919400,122.02,123.37,120.89,123.08,61.92080532259036,53.59306502224182,NaN,NaN
1607005800,123.52,123.78,122.21,122.94,61.54760477220362,54.0121828131955,NaN,NaN
1607092200,122.6,122.8608,121.52,122.25,59.63974182868455,54.28962047300569,NaN,NaN
1607351400,122.31,124.57,122.25,123.75,62.37054733304417,54.64571899838591,NaN,NaN
1607437800,124.37,124.98,123.09,124.38,63.487943313397686,55.219117328288284,NaN,NaN
1607524200,124.53,125.95,121,121.78,56.08591872366661,55.466702841785754,NaN,NaN
1607610600,120.5,123.87,120.15,123.24,58.97818533758208,55.839170654806814,NaN,NaN
1607697000,122.43,122.76,120.55,122.41,56.69222877326647,56.24997566750971,NaN,NaN
1607956200,122.6,123.35,121.54,121.78,54.95121965855867,57.01594168781247,NaN,NaN
1608042600,124.34,127.9,124.13,127.88,65.87788086847894,58.35943670384372,NaN,NaN
1608129000,127.41,128.37,126.56,127.81,65.68100290685257,59.55839290205758,NaN,NaN
1608215400,128.9,129.58,128.045,128.7,67.03012553716752,60.76746324497434,NaN,NaN
1608301800,128.96,129.1,126.12,126.655,61.08776417139743,61.19373914579493,NaN,NaN
1608561000,125.02,128.31,123.449,128.23,63.75298502185609,61.36456811205331,NaN,NaN
1608647400,131.61,134.405,129.65,131.88,69.04451872984718,61.87340478400023,NaN,NaN
1608733800,132.16,132.43,130.78,130.96,66.41279250782736,62.220918193687645,NaN,NaN
1608820200,131.32,133.46,131.1,131.97,67.86109987811038,62.80815805436091,NaN,NaN
1609165800,133.99,137.34,133.51,136.69,73.59205229998027,63.60969412342778,NaN,NaN
1609252200,138.05,138.789,134.3409,134.87,68.51843940455805,63.96901527279637,NaN,NaN
1609338600,135.58,135.99,133.4,133.72,65.4480445807468,64.63773854830211,NaN,NaN
1609425000,134.08,134.74,131.72,132.69,62.7364140120282,64.90618345361969,NaN,NaN
1609770600,133.52,133.6116,126.76,129.41,54.93136650281197,64.78040757715864,NaN,NaN
1609857000,128.89,131.74,128.43,131.01,57.69618255125504,64.97647635520839,NaN,NaN
1609943400,127.72,131.0499,126.382,126.6,48.8084641908567,63.757232306806806,NaN,NaN
1610029800,128.36,131.63,127.86,130.92,55.96454921628535,63.06319990033772,NaN,NaN
1610116200,132.43,132.63,130.23,132.05,57.63289290780744,62.391968998240564,NaN,NaN
1610375400,129.19,130.17,128.5,128.98,51.88189126671092,61.73440664790582,NaN,NaN
1610461800,128.5,129.69,126.86,128.8,51.55704349664575,60.86326796753365,NaN,NaN
1610548200,128.76,131.45,128.49,130.89,55.07440039365013,59.865402372091005,NaN,NaN
1610634600,130.8,131,128.76,128.91,51.275977355721736,58.78420128979775,NaN,NaN
1610721000,128.78,130.2242,127,127.14,48.08339963119518,57.37150841501809,NaN,NaN
1611066600,127.78,128.71,126.938,127.83,49.40587659413492,55.64392443602913,NaN,NaN
1611153000,128.66,132.49,128.55,132.03,56.64528514963734,54.795841989249084,NaN,NaN
1611239400,133.8,139.67,133.59,136.87,63.183079114181155,54.634058741637254,NaN,NaN
1611325800,136.28,139.85,135.02,139.07,65.71397367533247,54.846741574730416,NaN,NaN
1611585000,143.07,145.09,136.54,142.92,69.64639144087826,55.89781478459229,NaN,NaN
1611671400,143.6,144.3,141.37,143.16,69.87832140508507,56.76796755986587,NaN,NaN
1611757800,143.43,144.3,140.41,142.06,67.33865262083876,58.09155244772173,NaN,NaN
1611844200,139.52,141.99,136.7,137.09,57.219838232316654,58.181215948866836,NaN,NaN
1611930600,135.83,136.74,130.21,131.96,49.03004141899789,57.566726556809,NaN,NaN
1612189800,133.75,135.38,130.93,134.14,52.163403517861475,57.58683457474832,NaN,NaN
1612276200,135.73,136.31,134.61,134.99,53.36715094095805,57.71612796362778,NaN,NaN
1612362600,135.76,135.77,133.61,133.94,51.63851361070809,57.47070747913192,NaN,NaN
1612449000,136.3,137.4,134.59,137.39,56.61151761113893,57.85181749737601,NaN,NaN
1612535400,137.35,137.42,135.86,136.76,55.48940770831085,58.38081807431284,NaN,NaN
1612794600,136.03,136.96,134.92,136.91,55.71448294233767,58.83143281347019,NaN,NaN
1612881000,136.62,137.877,135.85,136.01,53.951674195508886,58.63903203103244,NaN,NaN
1612967400,136.48,136.99,134.4,135.39,52.71430460798724,57.89126242344715,NaN,NaN
1613053800,135.9,136.39,133.77,135.13,52.173906020710014,56.92411473383127,NaN,NaN
1613140200,134.35,135.53,133.6921,135.37,52.656375454072894,55.71054216334516,NaN,NaN
1613485800,135.49,136.01,132.79,133.19,47.92688820999578,54.14258264941021,NaN,NaN
1613572200,131.25,132.22,129.47,130.84,43.40142406361269,52.43278060960835,NaN,NaN
1613658600,129.2,129.995,127.41,129.71,41.37816991473821,51.301232872638465,NaN,NaN
1613745000,130.24,130.71,128.8,129.87,41.791936895931734,50.78422540670517,NaN,NaN
1614004200,128.01,129.72,125.6,126,35.30160917188749,49.57981152484989,NaN,NaN
1614090600,123.76,126.71,118.39,125.86,35.089308829268404,48.27425137401491,NaN,NaN
1614177000,124.94,125.56,122.23,125.35,34.28052859991581,47.03439530181546,NaN,NaN
1614263400,124.68,126.4585,120.54,120.99,28.279468776349702,45.01067752790194,NaN,NaN
1614349800,122.59,124.85,121.2,121.26,29.10711559715935,43.12622809139112,NaN,NaN
1614609000,123.75,127.93,122.79,127.79,45.4906227298045,42.395952361924465,NaN,NaN
1614695400,128.41,128.72,125.01,125.12,41.288962223831824,41.4914729353761,NaN,NaN
1614781800,124.81,125.71,121.84,122.06,37.063795803865276,40.37357944936739,NaN,NaN
1614868200,121.75,123.6,118.62,120.13,34.65501900455877,39.12223037678515,NaN,NaN
1614954600,120.98,121.935,117.57,121.42,37.57527155202773,38.045008669496205,NaN,NaN
1615213800,120.93,121,116.21,116.36,31.608290329501457,36.87939453517519,NaN,NaN
1615300200,119.03,122.06,118.79,121.085,41.02607124828919,36.70972647693778,NaN,NaN
1615386600,121.69,122.17,119.45,119.98,39.65094119945547,36.58635299727473,NaN,NaN
1615473000,122.54,123.21,121.26,121.96,43.317196944907025,36.695300143630114,NaN,NaN
1615559400,120.4,121.17,119.16,121.03,42.0257684626828,37.17559723582978,NaN,NaN
1615815000,121.41,124,120.42,123.99,47.40081777290024,38.05499073180347,NaN,NaN
1615901400,125.7,127.22,124.715,125.57,50.062314411792585,39.18226114693753,NaN,NaN
1615987800,124.05,125.8599,122.336,124.76,48.701795698286055,40.640998784218695,NaN,NaN
1616074200,122.88,123.18,120.32,120.53,42.24510448904552,41.57942656221057,NaN,NaN
1616160600,119.9,121.43,119.675,119.99,41.48890720364184,41.293589738913234,NaN,NaN
1616419800,120.33,123.87,120.26,123.39,47.82200185654861,41.76023542696443,NaN,NaN
1616506200,123.33,124.24,122.14,122.54,46.46788735378858,42.43195625195896,NaN,NaN
1616592600,122.82,122.9,120.065,120.09,42.713614737793,43.00757023290425,NaN,NaN
1616679000,119.54,121.66,119,120.59,43.713082853158454,43.445985325842166,NaN,NaN
1616765400,120.35,121.48,118.92,121.21,44.99461383824915,44.40215129075271,NaN,NaN
1617024600,121.65,122.58,120.7299,121.39,45.383400897439365,44.71338912283487,NaN,NaN
1617111000,120.11,120.4031,118.86,119.9,42.693322227501675,44.9307020534096,NaN,NaN
1617197400,121.65,123.52,121.15,122.15,47.73166322198411,45.246021073200815,NaN,NaN
1617283800,123.66,124.18,122.49,123,49.53667194500097,45.782514179080685,NaN,NaN
1617629400,123.87,126.1601,123.07,125.9,55.21867333331874,46.34093243339629,NaN,NaN
1617715800,126.5,127.13,125.65,126.21,55.791703657206,46.75017452235439,NaN,NaN
1617802200,125.83,127.92,125.14,127.9,58.88082346414205,47.47724793420125,NaN,NaN
1617888600,128.95,130.39,128.52,130.36,62.940265653783385,48.955473731682524,NaN,NaN
1617975000,129.8,133.04,129.47,132.995,66.72918677682522,50.7583508440528,NaN,NaN
1618234200,132.52,132.85,130.63,131.24,62.17011805030251,51.78321628646379,NaN,NaN
1618320600,132.44,134.66,131.93,134.43,66.63264031038432,53.2235557833635,NaN,NaN
1618407000,134.94,135,131.655,132.03,60.81971146458017,54.51684840670544,NaN,NaN
1618493400,133.82,135,133.64,134.5,64.27403018571603,55.98548750188813,NaN,NaN
1618579800,134.3,134.67,133.28,134.16,63.44483325884071,57.30336031764467,NaN,NaN
1618839000,133.51,135.47,133.34,134.84,64.43311918350769,58.664054480935256,NaN,NaN
1618925400,135.02,135.53,131.81,133.11,59.98955597643747,59.89949974871639,NaN,NaN
1619011800,132.36,133.75,131.3001,133.5,60.6484077256744,60.82212435612284,NaN,NaN
1619098200,133.04,134.15,131.41,131.94,56.63128220855243,61.328882232090805,NaN,NaN
1619184600,132.16,135.12,132.16,134.32,60.88771896851642,61.73381406317635,NaN,NaN
1619443800,134.83,135.06,133.56,134.72,61.57037737145312,62.14657647133686,NaN,NaN
1619530200,135.01,135.41,134.11,134.39,60.630182659609666,62.27153069958454,NaN,NaN
1619616600,134.31,135.02,133.08,133.58,58.2778159814912,61.9384985801351,NaN,NaN
1619703000,136.47,137.07,132.45,133.48,57.97873791513712,61.31346651858594,NaN,NaN
1619789400,131.78,133.56,131.065,131.46,52.15606774430382,60.59817721101461,NaN,NaN
1620048600,132.04,134.07,131.83,132.54,54.771381650168124,59.7509444495706,NaN,NaN
1620135000,131.19,131.4899,126.7,127.85,43.62025134939311,58.52241158420009,NaN,NaN
1620221400,129.2,130.45,127.97,128.1,44.27157049974078,57.09366446377329,NaN,NaN
1620307800,127.89,129.75,127.13,129.74,48.47655257553019,56.02450155782254,NaN,NaN
1620394200,130.85,131.2582,129.475,130.21,49.64910754236544,54.96850072631238,NaN,NaN
1620653400,129.41,129.54,126.81,126.85,42.24707419959778,53.70118059939525,NaN,NaN
1620739800,123.5,126.27,122.77,125.91,40.431025032474366,52.25708183559525,NaN,NaN
1620826200,123.4,124.64,122.25,122.77,35.01617809199777,50.71314582726991,NaN,NaN
1620912600,124.58,126.15,124.26,124.97,40.98029544645486,49.29118700426552,NaN,NaN
1620999000,126.25,127.89,125.85,127.45,46.89692384055935,48.24308318063025,NaN,NaN
1621258200,126.82,126.93,125.17,126.27,44.60562416849512,47.09847185983635,NaN,NaN
1621344600,126.56,126.99,124.78,124.85,41.94945989774584,45.932160710997394,NaN,NaN
1621431000,123.16,124.915,122.86,124.69,41.64851901249316,44.76571650366568,NaN,NaN
1621517400,125.23,127.72,125.1,127.31,48.20148778605478,44.483246506647895,NaN,NaN
1621603800,127.82,128,125.21,125.43,44.3525079245016,43.73904124052886,NaN,NaN
1621863000,126.01,127.94,125.94,127.1,48.30167048437059,44.07342832159868,NaN,NaN
1621949400,127.82,128.32,126.32,126.9,47.86358101813476,44.33000050148397,NaN,NaN
1622035800,126.955,127.39,126.42,126.85,47.746988324645706,44.27788876927793,NaN,NaN
1622122200,126.44,127.64,125.08,125.28,44.11328181426765,43.88247264584237,NaN,NaN
1622208600,125.57,125.8,124.55,124.61,42.62253803980179,43.90929149157123,NaN,NaN
1622554200,125.08,125.35,123.94,124.28,41.87198564853446,44.01221724986124,NaN,NaN
1622640600,124.28,125.24,124.05,125.06,44.36571635227016,44.68004141130927,NaN,NaN
1622727000,124.68,124.85,123.13,123.54,40.701290697801525,44.66011250069117,NaN,NaN
1622813400,124.07,126.16,123.85,125.89,47.870205038311575,44.729632586244904,NaN,NaN
1623072600,126.17,126.32,124.8321,125.9,47.899069964245555,44.96487871451279,NaN,NaN
1623159000,126.6,128.46,126.2101,126.74,50.38430506455702,45.5673676549993,NaN,NaN
1623245400,127.21,127.75,126.52,127.13,51.54008371221186,46.273907990693495,NaN,NaN
1623331800,127.02,128.19,125.94,126.11,48.36670202258123,46.28570900758824,NaN,NaN
1623418200,126.53,127.44,126.1,127.35,52.21833312351524,46.84755366466063,NaN,NaN
1623677400,127.82,130.54,127.07,130.48,60.27393051890773,47.70271509569901,NaN,NaN
1623763800,129.94,130.6,129.39,129.64,57.473506566330286,48.38913834914154,NaN,NaN
1623850200,130.37,130.89,128.461,130.15,58.72731886656083,49.17344767356405,NaN,NaN
1623936600,129.8,132.55,129.65,131.79,62.55091903112464,50.49042176048241,NaN,NaN
1624023000,130.71,131.51,130.24,130.46,57.86875719089924,51.57943741413222,NaN,NaN
1624282200,130.3,132.41,129.21,132.3,62.0959250490565,53.024004514169505,NaN,NaN
1624368600,132.13,134.08,131.62,133.98,65.49958157630975,54.533566315886624,NaN,NaN
1624455000,133.77,134.32,133.23,133.7,64.4606476621103,56.23066324190868,NaN,NaN
1624541400,134.45,134.64,132.93,133.41,63.34004305960987,57.33565167200141,NaN,NaN
1624627800,133.46,133.89,132.81,133.11,62.136633662748935,58.35262050760879,NaN,NaN
1624887000,133.41,135.245,133.35,134.78,66.00821922042874,59.46861437588536,NaN,NaN
1624973400,134.8,136.49,134.35,136.33,69.16018380509823,60.727192953948666,NaN,NaN
1625059800,136.17,137.41,135.87,136.96,70.36309560668751,62.29836392424198,NaN,NaN
1625146200,136.6,137.33,135.76,137.27,70.96326739580078,63.6372878008338,NaN,NaN
1625232600,137.9,140,137.745,139.96,75.58383616658121,64.73085248995334,NaN,NaN
1625578200,140.07,143.15,140.07,142.02,78.41635096478386,66.22676994698574,NaN,NaN
1625664600,143.535,144.89,142.66,144.57,81.30720776607205,67.83961915409368,NaN,NaN
1625751000,141.58,144.06,140.665,143.24,75.61835031622533,68.77300710302946,NaN,NaN
1625837400,142.75,145.65,142.6522,145.11,77.95396475256435,70.20766478600554,NaN,NaN
1626096600,146.21,146.32,144,144.5,75.41606284740186,71.15910320017306,NaN,NaN
1626183000,144.03,147.46,143.63,145.64,76.92782954671591,71.97540662663064,NaN,NaN
1626269400,148.1,149.57,147.68,149.15,80.83549886433023,73.14503885536064,NaN,NaN
1626355800,149.24,150,147.09,148.48,78.11580128381215,74.20045015708936,NaN,NaN
1626442200,148.46,149.76,145.88,146.39,70.18332801984441,74.77521403973904,NaN,NaN
1626701400,143.75,144.07,141.67,142.45,58.18741271151778,74.21658500338826,NaN,NaN
1626787800,143.46,147.0997,142.96,146.15,64.3498314555836,73.87298840699437,NaN,NaN
1626874200,145.53,146.13,144.63,145.4,62.34405095493126,73.30019950329748,NaN,NaN
1626960600,145.935,148.195,145.81,146.8,64.56442879669638,72.84313960336145,NaN,NaN
1627047000,147.55,148.7177,146.92,148.56,67.18410075959362,72.24315850286234,NaN,NaN
1627306200,148.27,149.83,147.7,148.99,67.81023259243197,71.48557861912292,NaN,NaN
1627392600,149.12,149.21,145.55,146.77,61.30657415104224,70.05696193233507,NaN,NaN
1627479000,144.81,146.97,142.54,144.98,56.59340471087828,68.69803724623885,NaN,NaN
1627565400,144.685,146.55,144.58,145.64,57.87921831155526,67.26412678616677,NaN,NaN
1627651800,144.38,146.33,144.11,145.86,58.322406680578496,66.04315134567939,NaN,NaN
1627911000,146.36,146.95,145.25,145.52,57.318649191619535,64.64249560602964,NaN,NaN
1627997400,145.81,148.045,145.18,147.36,61.20948168090051,63.24063723578466,NaN,NaN
1628083800,147.27,147.79,146.28,146.95,59.89916620035827,61.93944901553796,NaN,NaN
1628170200,146.98,147.84,146.17,147.06,60.14567145337739,61.2224735465046,NaN,NaN
1628256600,146.35,147.11,145.63,146.14,56.990278987320515,61.136963994776224,NaN,NaN
1628515800,146.2,146.7,145.52,146.09,56.815823284338485,60.598820553973,NaN,NaN
1628602200,146.44,147.71,145.3,145.6,55.03772556229077,60.0769401687844,NaN,NaN
1628688600,146.05,146.72,145.53,145.86,55.827673637047006,59.45288622880945,NaN,NaN
1628775000,146.19,149.05,145.84,148.89,63.807942298339654,59.21173205300558,NaN,NaN
1628861400,148.97,149.4444,148.27,149.1,64.28947394834216,58.960249292713456,NaN,NaN
1629120600,148.535,151.19,146.47,151.12,68.61510084989442,59.48228691406003,NaN,NaN
1629207000,150.23,151.68,149.09,150.19,64.72770065717322,60.06330805308111,NaN,NaN
1629293400,149.8,150.72,146.15,146.36,51.72961724415516,59.624050833981094,NaN,NaN
1629379800,145.03,148,144.5,146.7,52.63885232614125,59.218082665807,NaN,NaN
1629466200,147.44,148.5,146.78,148.19,56.50539548917539,59.15999311563242,NaN,NaN
1629725400,148.31,150.19,147.89,149.71,60.085330822794596,59.07969662576771,NaN,NaN
1629811800,149.45,150.86,149.15,149.62,59.77162795782833,59.070586751301285,NaN,NaN
1629898200,149.81,150.32,147.8,148.36,55.40997877684203,58.73232298869162,NaN,NaN
1629984600,148.35,149.12,147.51,147.54,52.71404051001599,58.42687738316987,NaN,NaN
1630071000,147.48,148.75,146.83,148.6,55.71367474139088,58.34815248724504,NaN,NaN
1630330200,149,153.49,148.61,153.12,65.7043062441368,59.11005110737693,NaN,NaN
1630416600,152.66,152.8,151.29,151.83,61.444019118544425,59.51121864176961,NaN,NaN
1630503000,152.83,154.98,152.34,152.51,62.812825749017634,59.44013888824661,NaN,NaN
1630589400,153.87,154.72,152.4,153.65,65.05280157714736,59.49466229030411,NaN,NaN
1630675800,153.76,154.63,153.09,154.3,66.29927378952783,59.32924607170651,NaN,NaN
1631021400,154.97,157.26,154.39,156.69,70.46992619085785,59.73940503839826,NaN,NaN
1631107800,156.98,157.04,153.975,155.11,64.76380535498294,60.670418474885956,NaN,NaN
1631194200,155.49,156.11,153.95,154.07,61.2482666337331,61.28537663971395,NaN,NaN
1631280600,155,155.48,148.7,148.97,47.60218573479205,60.649433085829436,NaN,NaN
1631539800,150.63,151.42,148.75,149.55,48.99398946559679,59.85719441745816,NaN,NaN
1631626200,150.35,151.07,146.91,148.12,45.766219392320494,58.85680809135045,NaN,NaN
1631712600,148.56,149.44,146.37,149.03,48.10905287435525,58.335313384029966,NaN,NaN
1631799000,148.44,148.97,147.221,148.79,47.525934482085034,57.9647343820349,NaN,NaN
1631885400,148.82,148.82,145.76,146.06,41.381619089215015,56.9410161211652,NaN,NaN
1632144600,143.8,144.84,141.27,142.94,35.70095285462433,54.79791945048573,NaN,NaN
1632231000,143.93,144.6,142.78,143.43,37.15995014305217,53.06334309509343,NaN,NaN
1632317400,144.45,146.43,143.7001,145.85,43.927115860376915,51.71436381733338,NaN,NaN
1632403800,146.65,147.08,145.64,146.83,46.44239855608277,50.385049315828766,NaN,NaN
1632490200,145.66,147.4701,145.56,146.92,46.678954400553295,48.98359793090201,NaN,NaN
1632749400,145.47,145.96,143.82,145.37,43.14457903626544,47.0317874198597,NaN,NaN
1632835800,143.25,144.75,141.69,141.91,36.50069854318763,45.012994076160034,NaN,NaN
1632922200,142.47,144.45,142.03,142.83,39.18246409718386,43.43686532354936,NaN,NaN
1633008600,143.66,144.378,141.28,141.5,36.76513112051257,42.66278999395797,NaN,NaN
1633095000,141.9,142.92,139.1101,142.65,40.20049843423876,42.03468349171811,NaN,NaN
1633354200,141.76,142.21,138.27,139.14,34.10953115763297,41.20206290352615,NaN,NaN
1633440600,139.49,142.24,139.36,141.11,39.637502955052945,40.596952195004555,NaN,NaN
1633527000,139.47,142.15,138.37,142,42.00475275764599,40.20258207183033,NaN,NaN
1633613400,143.06,144.215,142.72,143.29,45.350168571981754,40.48604989202795,NaN,NaN
1633699800,144.03,144.1781,142.56,142.9,44.514151056190634,41.11556404928269,NaN,NaN
1633959000,142.27,144.81,141.81,142.81,44.31114358787066,41.626363581055436,NaN,NaN
1634045400,143.23,143.25,141.0401,141.51,41.37588263349857,41.44413263627841,NaN,NaN
1634131800,141.235,141.4,139.2,140.91,40.05700408309823,40.98803303106523,NaN,NaN
1634218200,142.11,143.88,141.51,143.76,48.46076677091229,41.11530534323373,NaN,NaN
1634304600,143.77,144.895,143.51,144.84,51.24993137557056,41.694259081755526,NaN,NaN
1634563800,143.445,146.84,143.16,146.55,55.368399347391275,43.041951996341496,NaN,NaN
1634650200,147.01,149.17,146.55,148.76,60.06414238732942,44.533500445637614,NaN,NaN
1634736600,148.7,149.7539,148.12,149.26,61.062289795760705,46.2690117795839,NaN,NaN
1634823000,148.81,149.64,147.87,149.48,61.51803931551624,47.791693271103725,NaN,NaN
1634909400,149.69,150.18,148.64,148.69,58.85411584186996,49.559163605692085,NaN,NaN
1635168600,148.68,149.37,147.6211,148.64,58.6809174914563,50.919407501149465,NaN,NaN
1635255000,149.33,150.84,149.0101,149.32,60.388236519696164,52.23251348415305,NaN,NaN
1635341400,149.36,149.73,148.49,148.85,58.586323251089254,53.1779531040893,NaN,NaN
1635427800,149.82,153.165,149.72,152.57,66.98363934245612,54.78291655310826,NaN,NaN
1635514200,147.215,149.94,146.4128,149.8,57.615421743949554,55.733222135685324,NaN,NaN
1635773400,148.985,149.7,147.8,148.96,55.098818697504434,56.71343185454288,NaN,NaN
1635859800,148.66,151.57,148.65,150.02,57.61476753153019,57.96755781514518,NaN,NaN
1635946200,150.39,151.97,149.82,151.49,60.887814758348455,58.855204099962044,NaN,NaN
1636032600,151.58,152.43,150.64,150.96,59.11533582685631,59.41701870362531,NaN,NaN
1636119000,151.89,152.2,150.06,151.28,59.87483330426045,59.73890684340167,NaN,NaN
1636381800,151.41,151.57,150.16,150.44,56.8874146470547,59.511997719096335,NaN,NaN
1636468200,150.2,151.428,150.0601,150.81,57.88420515673123,59.28499167345137,NaN,NaN
1636554600,150.02,150.13,147.85,147.92,48.45964923687625,58.35224952497709,NaN,NaN
1636641000,148.96,149.43,147.681,147.87,48.31308687561156,57.599318884530064,NaN,NaN
1636727400,148.43,150.4,147.48,149.99,54.58489863208117,57.30674610886041,NaN,NaN
1636986600,150.37,151.88,149.43,150,54.61287516638368,56.89422029790951,NaN,NaN
1637073000,149.94,151.488,149.34,151,57.436552735481825,56.81209383250899,NaN,NaN
1637159400,150.995,155,150.99,153.49,63.52205978032634,56.56483814949972,NaN,NaN
1637245800,153.71,158.67,153.05,157.87,71.29629081475971,57.54204308312901,NaN,NaN
1637332200,157.65,161.02,156.5328,160.55,74.83089134358609,58.95147684356341,NaN,NaN
1637591400,161.68,165.7,161,161.02,75.40294037935959,60.22206061840838,NaN,NaN
1637677800,161.12,161.8,159.0601,161.41,75.8925700951446,61.29382885675096,NaN,NaN
1637764200,160.75,162.14,159.64,161.94,76.5750031594748,62.540947951937994,NaN,NaN
1637937000,159.565,160.45,156.36,156.81,59.12776187995883,62.487585707345026,NaN,NaN
1638196200,159.37,161.19,158.7901,160.24,64.88818587403514,63.05906936641505,NaN,NaN
1638282600,159.985,165.52,159.92,165.3,71.31169083057546,64.01817548597536,NaN,NaN
1638369000,167.48,170.3,164.53,164.77,69.86984569995124,65.54747523333786,NaN,NaN
1638455400,158.735,164.2,157.8,163.76,67.08615505214274,66.88840867451867,NaN,NaN
1638541800,164.02,164.96,159.72,161.84,62.02701603448736,67.41998848897624,NaN,NaN
1638801000,164.29,167.8799,164.28,165.32,66.89940754142857,68.2975979443366,NaN,NaN
1638887400,169.08,171.58,168.34,171.18,73.14759085717677,69.41981495302909,NaN,NaN
1638973800,172.125,175.96,170.7,175.08,76.34755889062747,70.33592203233631,NaN,NaN
1639060200,174.91,176.75,173.92,174.56,75.06312299732609,70.6049814739482,NaN,NaN
1639146600,175.205,179.63,174.69,179.45,78.69327047804211,70.88086569783792,NaN,NaN
1639405800,181.115,182.13,175.53,175.74,70.32834050296313,70.51839427809531,NaN,NaN
1639492200,175.25,177.74,172.21,174.33,67.39616613208482,69.9115082807339,NaN,NaN
1639578600,175.11,179.5,172.3108,179.3,71.85111372600552,69.57408760691467,NaN,NaN
1639665000,179.28,181.14,170.75,172.26,59.45788798744974,69.59766804316402,NaN,NaN
1639751400,169.93,173.47,169.69,171.14,57.75124662787941,69.08788666843861,NaN,NaN
1640010600,168.28,170.58,167.46,169.75,55.61758107703782,67.9668788289002,NaN,NaN
1640097000,171.555,173.2,169.12,172.99,59.38438416584514,67.21791729074978,NaN,NaN
1640183400,173.04,175.86,172.15,175.64,62.20946293022705,66.86958213918437,NaN,NaN
1640269800,175.85,176.8499,175.27,176.28,62.880973539733766,66.93057910384482,NaN,NaN
1640615400,177.085,180.42,177.07,180.33,66.89041012133566,66.92993643098104,NaN,NaN
1640701800,180.16,181.33,178.53,179.29,64.95028026000733,66.34441424546894,NaN,NaN
1640788200,179.33,180.63,178.14,179.38,65.04476746241099,65.53707200059634,NaN,NaN
1640874600,179.47,180.57,178.09,178.2,62.659698594803125,64.65111311470184,NaN,NaN
1640961000,178.085,179.23,177.26,177.57,61.36592270843056,63.41344541687244,NaN,NaN
1641220200,177.83,182.88,177.71,182.01,66.60004365822158,63.147138499390906,NaN,NaN
1641306600,182.63,182.94,179.12,179.7,61.90125052314122,62.754644527323514,NaN,NaN
1641393000,179.61,180.17,174.64,174.92,53.49126446244983,61.44322672278382,NaN,NaN
1641479400,172.7,175.3,171.64,172,49.102529478555795,60.70355825786282,NaN,NaN
1641565800,172.89,174.14,171.03,172.17,49.363009925532474,60.10439849340946,NaN,NaN
1641825000,169.08,172.5,168.17,172.19,49.39582180163513,59.65998711659499,NaN,NaN
1641911400,172.32,175.18,170.82,175.08,54.03113895310884,59.2776124585424,NaN,NaN
1641997800,176.12,177.18,174.82,175.53,54.72654122775397,58.743118051222886,NaN,NaN
1642084200,175.78,176.62,171.79,172.19,48.82296530400487,57.738974605813674,NaN,NaN
1642170600,171.34,173.78,171.09,173.07,50.34288120252951,56.55700825447038,NaN,NaN
1642516200,171.51,172.54,169.405,169.8,44.99525634096115,55.13164940310994,NaN,NaN
1642602600,170,171.08,165.94,166.23,39.99969094070706,53.34271536584537,NaN,NaN
1642689000,166.98,169.68,164.18,164.51,37.82099899068746,51.56852253697997,NaN,NaN
1642775400,164.415,166.33,162.3,162.41,35.29339973284729,49.706199467295455,NaN,NaN
1643034600,160.02,162.3,154.7,161.62,34.36302253058696,47.40355510103584,NaN,NaN
1643121000,158.98,162.76,157.02,159.78,32.231815001221506,45.284309706613,NaN,NaN
1643207400,163.5,164.3894,157.82,159.69,32.12685785674408,43.75828066334831,NaN,NaN
1643293800,162.45,163.84,158.28,159.22,31.549089037351635,42.504463488976576,NaN,NaN
1643380200,165.71,170.35,162.8,170.33,53.045431995098774,42.76749363680275,NaN,NaN
1643639400,170.16,175,169.51,174.78,58.64715215051708,43.42830294743717,NaN,NaN
1643725800,174.01,174.84,172.31,174.61,58.36070947843147,43.73755798496022,NaN,NaN
1643812200,174.745,175.88,173.33,175.84,59.88726950964496,44.10618143366671,NaN,NaN
1643898600,174.48,176.2399,172.12,172.9,54.72301664824749,44.527613672541186,NaN,NaN
1643985000,171.68,174.1,170.68,172.39,53.8554355962944,44.77851041495297,NaN,NaN
1644244200,172.86,173.9458,170.95,171.66,52.5706786365861,45.319612007497604,NaN,NaN
1644330600,171.73,175.35,171.43,174.83,57.33088870987447,46.557554705295274,NaN,NaN
1644417000,176.05,176.65,174.9,176.28,59.3410406729882,48.09470053974534,NaN,NaN
1644503400,174.14,175.48,171.55,172.12,51.801155194710084,49.27382592987839,NaN,NaN
1644589800,172.33,173.08,168.04,168.64,46.4806553968436,50.139371134611004,NaN,NaN
1644849000,167.37,169.58,166.56,168.88,46.88582801040967,51.186086349553015,NaN,NaN
1644935400,170.97,172.95,170.25,172.79,53.1135199973077,52.68513364530755,NaN,NaN
1645021800,171.85,173.34,170.05,172.55,52.70502391880778,54.19627185112586,NaN,NaN
1645108200,171.03,171.91,168.47,168.88,46.780091752831815,53.748747548106785,NaN,NaN
1645194600,169.82,170.5413,166.19,167.3,44.462682510392774,52.73557114524076,NaN,NaN
1645540200,164.98,166.69,162.15,164.32,40.3978404515544,51.4525090718924,NaN,NaN
1645626600,165.54,166.15,159.75,160.07,35.4238883938191,49.70512470647627,NaN,NaN
1645713000,152.58,162.85,152,162.74,40.38950503593122,48.68130244845368,NaN,NaN
1645799400,163.84,165.12,160.8738,164.85,44.0509292726541,47.98098056819366,NaN,NaN
1646058600,163.06,165.42,162.43,165.12,44.52052663216143,47.405969710734745,NaN,NaN
1646145000,164.695,166.6,161.97,163.2,41.83171378851576,46.298885787780556,NaN,NaN
1646231400,164.39,167.36,162.95,166.56,47.775919310428776,45.472805690454884,NaN,NaN
1646317800,168.47,168.91,165.55,166.23,47.265053256378955,45.14879840914552,NaN,NaN
1646404200,164.49,165.55,162.1,163.17,42.7050097282976,44.879109432820805,NaN,NaN
1646663400,163.36,165.02,159.04,159.3,37.74520228733105,44.22620759545804,NaN,NaN
1646749800,158.82,162.88,155.8,157.44,35.6048660265611,42.97558945469042,NaN,NaN
1646836200,161.475,163.41,159.41,162.95,45.4695402848957,42.45876919512528,NaN,NaN
1646922600,160.2,160.39,155.98,158.52,40.14482838910957,41.98482181200227,NaN,NaN
1647009000,158.93,159.28,154.5,154.73,36.235273931140256,41.39714977062709,NaN,NaN
1647264600,151.45,154.12,150.1,150.62,32.53498552939968,40.83551727618747,NaN,NaN
1647351000,150.9,155.57,150.38,155.09,39.74220349762652,41.14396835503085,NaN,NaN
1647437400,157.05,160,154.46,159.59,45.99678593397384,41.544488419176744,NaN,NaN
1647523800,158.61,161,157.63,160.62,47.34401731712722,41.77970899378197,NaN,NaN
1647610200,160.51,164.48,159.76,163.98,51.58700049352989,42.28445712673687,NaN,NaN
1647869400,163.51,166.35,163.015,165.38,53.27640361768484,43.101934971677515,NaN,NaN
1647955800,165.51,169.42,164.91,168.82,57.22611273767602,43.77694878790946,NaN,NaN
1648042200,167.99,172.64,167.65,170.21,58.74372188719366,44.59685369011051,NaN,NaN
1648128600,171.06,174.14,170.21,174.07,62.7013214474682,46.02516167005127,NaN,NaN
1648215000,173.88,175.28,172.75,174.72,63.339079431866615,47.853295751803806,NaN,NaN
1648474200,172.17,175.73,172,175.6,64.2307937911965,49.89800487784918,NaN,NaN
1648560600,176.69,179.01,176.34,178.96,67.48297330845772,51.47039295096075,NaN,NaN
1648647000,178.55,179.61,176.7,177.77,65.22121366187889,53.26156332758713,NaN,NaN
1648733400,177.84,178.03,174.4,174.61,59.51673278295162,54.92452467414508,NaN,NaN
1648819800,174.03,174.88,171.94,174.31,58.98923712650793,56.81411407393853,NaN,NaN
1649079000,174.57,178.49,174.44,178.44,63.75217811789488,58.529112261100565,NaN,NaN
1649165400,177.5,178.3,174.415,175.06,57.83246835957936,59.37451814864381,NaN,NaN
1649251800,172.36,173.63,170.13,171.83,52.788045612373935,59.76337731259001,NaN,NaN
1649338200,171.16,173.36,169.85,172.14,53.20987593788637,59.8792969871869,NaN,NaN
1649424600,171.78,171.78,169.2,170.09,50.02667324708754,59.64717338928709,NaN,NaN
1649683800,168.71,169.03,165.5,165.75,44.02232863247065,58.704045953200996,NaN,NaN
1649770200,168.02,169.87,166.64,167.66,47.03519379348443,57.86772251793605,NaN,NaN
1649856600,167.39,171.04,166.77,170.4,51.1011732960182,57.03914050711819,NaN,NaN
1649943000,170.62,171.27,165.04,165.29,44.2748082749044,55.67740685304947,NaN,NaN
1650288600,163.92,166.5984,163.57,165.07,44.00227456623358,54.232512622694976,NaN,NaN
1650375000,165.02,167.82,163.91,167.4,47.67580795513328,52.817715097457516,NaN,NaN
1650461400,168.76,168.88,166.1,167.23,47.431320542489864,51.54700844607259,NaN,NaN
1650547800,168.91,171.53,165.91,166.42,46.21523427960095,50.59690141011897,NaN,NaN
1650634200,166.46,167.8699,161.5,161.79,39.91551046838769,49.234492363110384,NaN,NaN
1650893400,161.12,163.17,158.46,162.88,41.922631095993644,47.675239004403146,NaN,NaN
1650979800,162.25,162.34,156.72,156.8,34.91615995468253,46.0383598326248,NaN,NaN
1651066200,155.91,159.79,155.38,156.57,34.680036411767276,44.74493060401004,NaN,NaN
1651152600,159.25,164.515,158.93,163.64,46.62819477481758,44.27481052093369,NaN,NaN
1651239000,161.84,166.2,157.25,157.65,39.95915346848382,43.555701965319145,NaN,NaN
1651498200,156.71,158.23,153.27,157.96,40.43397779321993,43.29939119108695,NaN,NaN
1651584600,158.15,160.71,156.32,159.48,42.82170089893917,42.998427412905144,NaN,NaN
1651671000,159.67,166.48,159.26,166.02,51.77836240644358,43.04679806364981,NaN,NaN
1651757400,163.85,164.08,154.95,156.77,41.804068745774195,42.87031666871194,NaN,NaN
1651843800,156.01,159.44,154.18,157.28,42.4621815760089,42.76031002655304,NaN,NaN
1652103000,154.925,155.83,151.49,152.06,37.75590322279235,42.0517454028144,NaN,NaN
1652189400,155.52,156.74,152.93,154.51,41.057932625739106,41.596503408760775,NaN,NaN
1652275800,153.5,155.45,145.81,146.5,34.596033289696194,40.76656048091043,NaN,NaN
1652362200,142.77,146.2,138.8,142.56,31.933709517190806,40.19643184153922,NaN,NaN
1652448600,144.59,148.105,143.11,147.11,37.87899726862409,39.907600853869965,NaN,NaN
1652707800,145.55,147.5199,144.18,145.54,36.688193863541706,40.034174704502774,NaN,NaN
1652794200,148.86,149.77,146.68,149.24,41.366355653380104,40.51176893604655,NaN,NaN
1652880600,146.85,147.3601,139.9,140.82,35.02399088100644,39.68289722934575,NaN,NaN
1652967000,139.88,141.66,136.6,137.35,32.79257008233857,39.170998416049656,NaN,NaN
1653053400,139.09,140.7,132.61,137.59,33.10999682494332,38.647856918315604,NaN,NaN
1653312600,137.79,143.26,137.65,143.11,40.11569983580103,38.45457112809146,NaN,NaN
1653399000,140.805,141.97,137.33,140.36,37.981472848357896,37.469079016799625,NaN,NaN
1653485400,138.43,141.785,138.34,140.52,38.187523669250815,37.21075436847652,NaN,NaN
1653571800,137.39,144.34,137.14,143.78,42.38754578892855,37.205423240827926,NaN,NaN
1653658200,145.39,149.68,145.26,149.64,49.08467468005238,38.01462120206079,NaN,NaN
1654003800,149.07,150.66,146.84,148.84,48.25989919075132,38.529047385275945,NaN,NaN
1654090200,149.9,151.74,147.68,148.71,48.118404840382745,39.494931067467846,NaN,NaN
1654176600,147.83,151.27,146.86,151.21,51.08833654177602,40.863118712081075,NaN,NaN
1654263000,146.9,147.97,144.46,145.38,44.66690015142547,41.34796891799546,NaN,NaN
1654522200,147.03,148.5689,144.9,146.14,45.626363790482934,41.98640962706269,NaN,NaN
1654608600,144.345,149,144.1,148.71,48.85592180146572,42.521378637640225,NaN,NaN
1654695000,148.58,149.8697,147.46,147.96,47.96065467281213,43.44542605134064,NaN,NaN
1654781400,147.08,147.95,142.53,142.64,42.07143439812433,44.10820207389677,NaN,NaN
1654867800,140.28,140.76,137.06,137.13,37.00340592957378,44.38630272422751,NaN,NaN
1655127000,132.87,135.2,131.44,131.88,32.93268562990016,43.873230280948874,NaN,NaN
1655213400,133.13,133.89,131.48,132.76,34.23858220517678,43.60588094929308,NaN,NaN
1655299800,134.29,137.34,132.16,135.43,38.17222361495645,43.60478808827206,NaN,NaN
1655386200,132.08,132.39,129.04,130.06,33.793884263349696,42.990955122159285,NaN,NaN
1655472600,130.065,133.079,129.81,131.56,36.002040233007435,42.05648123308465,NaN,NaN
1655818200,133.42,137.06,133.32,135.87,41.98907927089219,41.60856552452328,NaN,NaN
1655904600,134.79,137.76,133.91,135.35,41.48482913558356,41.13473868846619,NaN,NaN
1655991000,136.82,138.59,135.63,138.27,45.44665385250986,40.73176135351861,NaN,NaN
1656077400,139.9,141.91,139.77,141.66,49.704206020916786,41.09156891562513,NaN,NaN
1656336600,142.695,143.49,140.965,141.66,49.704206020916786,41.382843360656125,NaN,NaN
1656423000,142.13,143.422,137.325,137.44,44.67098259822362,41.083919131853115,NaN,NaN
1656509400,137.46,140.67,136.67,139.23,47.11718773684326,41.02367149356962,NaN,NaN
1656595800,137.25,138.37,133.7737,136.72,44.16831441705937,41.173448637779266,NaN,NaN
1656682200,136.04,139.04,135.66,138.93,47.29600326310811,41.90863416160315,NaN,NaN
1657027800,137.77,141.61,136.93,141.56,50.826395836497284,43.18675631921723,NaN,NaN
1657114200,141.355,144.12,141.08,142.92,52.594767607148334,44.49791241935806,NaN,NaN
1657200600,143.29,146.55,143.28,146.35,56.81303505650592,45.82939895089731,NaN,NaN
1657287000,145.265,147.55,145,147.04,57.62982013174926,47.53196579864014,NaN,NaN
1657546200,145.67,146.64,143.78,144.87,54.16058464914822,48.829004685507336,NaN,NaN
1657632600,145.76,148.45,145.05,145.86,55.47740676447029,49.79245664933433,NaN,NaN
1657719000,142.99,146.45,142.1201,145.49,54.84329935405098,50.746633093510574,NaN,NaN
1657805400,144.08,148.95,143.25,148.47,58.91630827669403,51.70875126666659,NaN,NaN
1657891800,149.78,150.86,148.2,150.17,61.073345218037666,52.520832637889505,NaN,NaN
1658151000,150.74,151.57,146.7,147.07,55.36487308110801,52.92516599933174,NaN,NaN
1658237400,147.92,151.23,146.91,151,60.41615589256933,54.049821234642145,NaN,NaN
1658323800,151.12,153.72,150.37,153.04,62.77133874231593,55.16797487789019,NaN,NaN
1658410200,154.5,155.57,151.94,155.35,65.2897729676204,56.676650488644555,NaN,NaN
1658496600,155.39,156.28,153.41,154.09,62.794500071439714,57.78368597495396,NaN,NaN
1658755800,154.01,155.04,152.28,152.95,60.54007985692767,58.47752054784184,NaN,NaN
1658842200,152.265,153.085,150.8,151.6,57.88958305322774,58.85572165113323,NaN,NaN
1658928600,152.58,157.33,152.16,156.79,64.35127903048146,59.394167649274344,NaN,NaN
1659015000,156.98,157.64,154.41,157.35,64.97577673209553,59.91887883501336,NaN,NaN
1659101400,161.24,163.63,159.5,162.51,70.16252649915317,61.06187468144229,NaN,NaN
1659360600,161.01,163.59,160.89,161.51,68.05900309436163,61.96056013357738,NaN,NaN
1659447000,160.1,162.41,159.63,160.01,64.91513693299177,62.67997710350172,NaN,NaN
1659533400,160.84,166.59,160.75,166.13,70.83470122877674,63.53129088579335,NaN,NaN
1659619800,166.005,167.19,164.43,165.81,70.16805924615726,64.18091331637332,NaN,NaN
1659706200,163.21,165.85,163,165.35,69.16043903013522,65.16631088416098,NaN,NaN
1659965400,166.37,167.81,164.2,164.87,68.06211387635979,65.71245074014601,NaN,NaN
1660051800,164.02,165.82,163.25,164.92,68.11891014413449,66.0944201259902,NaN,NaN
1660138200,167.68,169.34,166.9,169.24,72.64522895344479,66.61980983926335,NaN,NaN
1660224600,170.06,170.99,168.19,168.49,70.76676222786081,67.18925713615059,NaN,NaN
1660311000,169.82,172.17,169.4,172.1,74.22198815922064,68.16653630060009,NaN,NaN
1660570200,171.52,173.39,171.345,173.19,75.1760454998713,69.40128361821748,NaN,NaN
1660656600,172.78,173.71,171.6618,173.03,74.73877597799458,70.14324768589698,NaN,NaN
1660743000,172.77,176.15,172.57,174.55,76.15759832418661,70.9419492281892,NaN,NaN
1660829400,173.75,174.9,173.12,174.15,74.96435361608019,71.28493687939827,NaN,NaN
1660915800,173.03,173.74,171.3101,171.52,67.47817715685102,71.24344931243323,NaN,NaN
1661175000,169.69,169.86,167.135,167.57,58.09462555642729,70.75626992839292,NaN,NaN
1661261400,167.08,168.71,166.65,167.23,57.35528614069317,69.79345456495838,NaN,NaN
1661347800,167.32,168.11,166.245,167.53,57.86482780035997,68.91465231883,NaN,NaN
1661434200,168.78,170.14,168.35,170.03,61.945434154575594,68.39929482771859,NaN,NaN
1661520600,170.57,171.05,163.56,163.62,48.87548940454298,67.02882165116026,NaN,NaN
1661779800,161.145,162.9,159.82,161.38,45.28009566009071,65.39747775944285,NaN,NaN
1661866200,162.13,162.56,157.72,158.91,41.642412731969,63.18299088648029,NaN,NaN
1661952600,160.305,160.58,157.14,157.22,39.31511730188506,60.93644482033917,NaN,NaN
1662039000,156.64,158.42,154.67,157.96,40.873337033884006,58.55439831138656,NaN,NaN
1662125400,159.75,160.362,154.965,155.81,37.833721411493855,55.88708944793103,NaN,NaN
1662471000,156.47,157.09,153.69,154.53,36.11191135401427,53.128027689075296,NaN,NaN
1662557400,154.825,156.67,153.61,155.96,39.42845401705889,50.50451738142332,NaN,NaN
1662643800,154.64,156.36,152.68,154.46,37.24438477608753,47.81023389285241,NaN,NaN
1662730200,155.47,157.82,154.75,157.37,43.753723140069496,46.11563003451088,NaN,NaN
1662989400,159.59,164.26,159.3,163.43,54.3685485902892,45.84948167978673,NaN,NaN
1663075800,159.9,160.54,153.37,153.84,41.13765273649465,44.691079293772546,NaN,NaN
1663162200,154.785,157.1,153.6106,155.31,43.41095551833754,43.65865984505666,NaN,NaN
1663248600,154.65,155.24,151.38,152.37,40.077214101484785,42.096644126978745,NaN,NaN
1663335000,151.21,151.35,148.37,150.7,38.27897795541064,41.339750452040725,NaN,NaN
1663594200,149.31,154.56,149.1,154.48,44.36403729661184,41.27431771179224,NaN,NaN
1663680600,153.4,158.08,153.08,156.9,47.90511183335445,41.72165336189119,NaN,NaN
1663767000,157.34,158.74,153.6,153.72,43.94685726526433,42.052491930704,NaN,NaN
1663853400,152.38,154.47,150.91,152.74,42.773894315236646,42.18824602222919,NaN,NaN
1663939800,151.19,151.47,148.56,150.43,40.05973620188139,42.347247078685434,NaN,NaN
1664199000,149.66,153.7701,149.64,150.77,40.6566070198348,42.671868197672616,NaN,NaN
1664285400,152.74,154.72,149.945,151.76,42.45349743113816,42.88794272724971,NaN,NaN
1664371800,147.64,150.6414,144.84,149.84,39.92837975276523,43.07965665415526,NaN,NaN
1664458200,146.1,146.72,140.68,142.48,32.05697920722861,42.24417494466662,NaN,NaN
1664544600,141.28,143.1,138,138.2,28.534191048174378,40.39886369165841,NaN,NaN
1664803800,138.21,143.07,137.685,142.45,36.049358812835614,40.03541412568277,NaN,NaN
1664890200,145.03,146.22,144.26,146.1,41.71781517392459,39.914475529653274,NaN,NaN
1664976600,144.075,147.38,143.01,146.4,42.171521405863054,40.064068908537436,NaN,NaN
1665063000,145.81,147.54,145.22,145.43,41.05856575625845,40.26261089431228,NaN,NaN
1665149400,142.54,143.1,139.445,140.09,35.50355795714144,39.62971951292155,NaN,NaN
1665408600,140.42,141.89,138.5729,140.42,36.079105374189766,38.785004765838345,NaN,NaN
1665495000,139.9,141.35,138.22,138.98,34.6270150128246,38.119301747806944,NaN,NaN
1665581400,139.13,140.36,138.16,138.34,33.97257696715822,37.4906362229442,NaN,NaN
1665667800,134.99,143.59,134.37,142.99,42.478839552805546,37.66342931943878,NaN,NaN
1665754200,144.31,144.52,138.19,138.38,37.34253371989945,37.42670979801482,NaN,NaN
1666013400,141.065,142.9,140.27,142.41,43.74607038710974,37.51903643772708,NaN,NaN
1666099800,145.49,146.7,140.61,143.75,45.73205060647397,37.93358435584913,NaN,NaN
1666186200,141.69,144.9492,141.5,143.86,45.90089424777698,38.92243543017401,NaN,NaN
1666272600,143.02,145.89,142.65,143.39,45.253037642087875,40.11663875831069,NaN,NaN
1666359000,142.87,147.8479,142.649,147.27,51.35681019553945,41.21002814278955,NaN,NaN
1666618200,147.185,150.23,146,149.45,54.43091105265525,42.118106419841745,NaN,NaN
1666704600,150.09,152.49,149.36,152.34,58.202086208830785,43.26314676291087,NaN,NaN
1666791000,150.96,151.99,148.04,149.35,53.28850722406614,44.13671401061141,NaN,NaN
1666877400,148.07,149.046,144.13,144.8,46.81199183149707,44.9444592873511,NaN,NaN
1666963800,148.2,157.5,147.82,155.74,59.54365411103034,46.620498482839714,NaN,NaN
1667223000,153.155,154.24,151.92,153.34,56.356562956191866,48.172609050223095,NaN,NaN
1667309400,155.08,155.45,149.13,150.65,52.936456751837376,49.527171891985894,NaN,NaN
1667395800,148.945,152.17,147.35,147.485,49.15653771520254,50.00415033215711,NaN,NaN